Unity Editor version:    6000.5.10f1 (3bd4f66ad299)
Branch:                  6000.5/staging
Build type:              Release
Batch mode:              NO
macOS version:           Version 13.7.8 (Build 22H730)
Darwin version:          22.6.0
Architecture:            arm64
Running under Rosetta:   NO
Available memory:        16384 MB
Date:                    2026-09-17T01:50:58Z
[Licensing::Module] Trying to connect to existing licensing client channel...
[Licensing::IpcConnector] Successfully connected to: "LicenseClient-elijahsaloma" at "2026-09-17T01:50:58.539626Z"

COMMAND LINE ARGUMENTS:
/Applications/Unity/Hub/Editor/6000.5.10f1/Unity.app/Contents/MacOS/Unity
-projectpath
/Users/elijahsaloma/Desktop/CC_CANOE_PROJECT
-acceptSoftwareTermsForThisRunOnly
-useHub
-hubIPC
-cloudEnvironment
production
-buildTarget
StandaloneOSX
-licensingIpc
LicenseClient-elijahsaloma
-hubSessionId
8c9329b8-c049-4de6-b726-4659584c8399
-accessToken
NvwWMysgUFWG8xxPT5h5Qj_NWlgqpwIHHOYuazxw8o0001f
Successfully changed project path to: /Users/elijahsaloma/Desktop/CC_CANOE_PROJECT
/Users/elijahsaloma/Desktop/CC_CANOE_PROJECT
[Licensing::Client] Handshaking with LicensingClient:
  Version:                 1.18.3+d7ffd15
  Session Id:              c95af69bc7fe493eacac57796179976a
  Correlation Id:          48a8212154d2ffafd0b029eca39c01cb
  External correlation Id: 1248312285834479519
  Machine Id:              IhbEpexwIucXjD9TMWxkgCpFC8Q=
[Licensing::Module] Successfully connected to LicensingClient on channel: "LicenseClient-elijahsaloma" (connect: 0.00s, validation: 0.01s, handshake: 0.30s)
[Licensing::IpcConnector] Successfully connected to: "LicenseClient-elijahsaloma-notifications" at "2026-09-17T01:50:58.848789Z"
[Licensing::Client] Successfully updated the access token
[Licensing::Module] Successfully updated the access token NvwWMysgUF...
[Licensing::Client] Successfully resolved entitlement details
[Licensing::Module] License group:
  Id: 1375985249277-UnityPersXXXX
  Product: Unity Personal
  Type: Assigned
  Expiration: Unlimited
[Licensing::Client] Successfully updated license, isAsync: True, time: 0.01
[Licensing::Client] Successfully resolved entitlement details
[Licensing::Module] Licensing Background thread has ended after 0.35s
[UnityMemory] Configuration Parameters - Can be set up in boot.config
    "memorysetup-temp-allocator-size-gi-baking-worker=262144"
    "memorysetup-temp-allocator-size-gi-baking-worker=262144"
    "memorysetup-temp-allocator-size-gi-baking-worker=262144"
    "memorysetup-temp-allocator-size-gi-baking-worker=262144"
    "memorysetup-temp-allocator-size-gi-baking-worker=262144"
    "memorysetup-temp-allocator-size-nav-mesh-worker=65536"
    "memorysetup-temp-allocator-size-audio-worker=65536"
    "memorysetup-temp-allocator-size-cloud-worker=32768"
    "memorysetup-allocator-temp-initial-block-size-main=262144"
    "memorysetup-allocator-temp-initial-block-size-worker=262144"
    "memorysetup-temp-allocator-size-preload-manager=33554432"
    "memorysetup-remapper-allocator-initial-capacity=32768"
    "memorysetup-temp-allocator-size-gfx=262144"
    "memorysetup-temp-allocator-size-background-worker=32768"
    "memorysetup-temp-allocator-size-job-worker=262144"
    "memorysetup-bucket-allocator-granularity=16"
    "memorysetup-bucket-allocator-bucket-count=8"
    "memorysetup-bucket-allocator-block-size=33554432"
    "memorysetup-bucket-allocator-block-count=8"
    "memorysetup-main-allocator-block-size=16777216"
    "memorysetup-thread-allocator-block-size=16777216"
    "memorysetup-main-allocator-mimalloc-enabled=0"
    "memorysetup-gfx-main-allocator-block-size=16777216"
    "memorysetup-gfx-thread-allocator-block-size=16777216"
    "memorysetup-cache-allocator-block-size=4194304"
    "memorysetup-typetree-allocator-block-size=2097152"
    "memorysetup-profiler-bucket-allocator-granularity=16"
    "memorysetup-profiler-bucket-allocator-bucket-count=8"
    "memorysetup-profiler-bucket-allocator-block-size=33554432"
    "memorysetup-profiler-bucket-allocator-block-count=8"
    "memorysetup-profiler-allocator-block-size=16777216"
    "memorysetup-profiler-editor-allocator-block-size=1048576"
    "memorysetup-temp-allocator-size-main=16777216"
    "memorysetup-job-temp-allocator-block-size=2097152"
    "memorysetup-job-temp-allocator-block-size-background=1048576"
    "memorysetup-job-temp-allocator-reduction-small-platforms=262144"
Player connection [8228102464]  Target information:

Player connection [8228102464]  * "[IP] 168.105.239.142 [Port] 55504 [Flags] 2 [Guid] 2834855293 [EditorId] 2834855293 [Version] 1048832 [Id] OSXEditor(0,Elijahs-MacBook-Air-94.local) [Debug] 1 [PackageName] OSXEditor [ProjectName] Editor" 

Player connection [8228102464] Host joined multi-casting on [225.0.0.222:54997]...
Player connection [8228102464] Host joined alternative multi-casting on [225.0.0.222:34997]...
Input System module state changed to: Initialized.
[Physics::Module] Initialized fallback backend.
[Physics::Module] Id: 0xdecafbad
[Package Manager] Connected to IPC stream "Upm-29650" after 0.0 seconds.
[Licensing::Client] Successfully resolved entitlement details
Library Redirect Path: Library/
Rebuilding Library because the asset database could not be found!
[Physics::Module] Selected backend.
[Physics::Module] Name: PhysX
[Physics::Module] Id: 0xf2b8ea05
[Physics::Module] SDK Version: 4.1.2
[Physics::Module] Integration Version: 1.0.0
[Physics::Module] Threading Mode: Multi-Threaded
Targeting platform: StandaloneOSX
Initialize engine version: 6000.5.10f1 (3bd4f66ad299)
[Subsystems] Discovering subsystems at path /Applications/Unity/Hub/Editor/6000.5.10f1/Unity.app/Contents/Resources/UnitySubsystems
[Subsystems] Discovering subsystems at path /Users/elijahsaloma/Desktop/CC_CANOE_PROJECT/Assets
GfxDevice: creating device client; kGfxThreadingModeThreaded
 preferred device: Apple M2 (high power)
Metal devices available: 1
0: Apple M2 (high power)
Using device Apple M2 (high power)
Initializing Metal device caps: Apple M2
Mac GPU Family: 2
Apple GPU Family: 8
MSL Version: 3.0
Has Float MSAA: 1
Has Float Filtering: 1
ReadWrite Texture Tier: 2
Initialize mono
Mono path[0] = '/Applications/Unity/Hub/Editor/6000.5.10f1/Unity.app/Contents/Resources/Scripting/Managed'
Mono path[1] = '/Applications/Unity/Hub/Editor/6000.5.10f1/Unity.app/Contents/Resources/Scripting/BCLExtensions/runtime/netstandard2.1'
Mono path[2] = '/Applications/Unity/Hub/Editor/6000.5.10f1/Unity.app/Contents/Resources/Scripting/MonoBleedingEdge/lib/mono/unityjit-macos'
Mono config path = '/Applications/Unity/Hub/Editor/6000.5.10f1/Unity.app/Contents/Resources/Scripting/MonoBleedingEdge/etc'
Using monoOptions --debugger-agent=transport=dt_socket,embedding=1,server=y,suspend=n,address=127.0.0.1:56650
CodeReloadManager initialized
ImportWorker Server TCP listen port: 0
AcceleratorClientConnectionCallback - disconnected - :0
Begin MonoManager ReloadAssembly
Registering precompiled unity dll's ...
Register platform support module: /Applications/Unity/Hub/Editor/6000.5.10f1/PlaybackEngines/MacStandaloneSupport/UnityEditor.OSXStandalone.Extensions.dll
Registered in 0.001477 seconds.
Native extension for OSXStandalone target not found
Package Manager log level set to [2]
ScheduleIndexationOnStartup MainProcess:False IndexOnStartup:False
Mono: successfully reloaded assembly
- Finished resetting the current domain, in  0.700 seconds
Domain Reload Profiling: 1071ms
	BeginReloadAssembly (93ms)
		CreateAndSetChildDomain (12ms)
	RebuildCommonClasses (3ms)
	RebuildNativeTypeToScriptingClass (17ms)
	initialDomainReloadingComplete (39ms)
	LoadAllAssembliesAndSetupDomain (218ms)
		LoadAssemblies (81ms)
		AnalyzeDomain (167ms)
			TypeCache.Refresh (166ms)
				TypeCache.ScanAssembly (152ms)
	FinalizeReload (701ms)
		SetupLoadedEditorAssemblies (0ms)
			BeforeProcessingInitializeOnLoad (57ms)
			ProcessInitializeOnLoadAttributes (71ms)
			ProcessInitializeOnLoadMethodAttributes (519ms)
[Licensing::Client] Successfully resolved entitlement details
Application.AssetDatabase Initial Refresh Start
[Package Manager] The file [/Users/elijahsaloma/Desktop/CC_CANOE_PROJECT/Packages/manifest.json] cannot be found
[Package Manager] The file [/Users/elijahsaloma/Desktop/CC_CANOE_PROJECT/Packages/manifest.json] cannot be found
[Package Manager] The file [/Users/elijahsaloma/Desktop/CC_CANOE_PROJECT/Packages/manifest.json] cannot be found
[Package Manager] Done resolving packages in 1.63 seconds
[Licensing::Client] Successfully resolved entitlement details
[Package Manager] Lock file was modified
[Package Manager] Registered 37 packages:
  Built-in packages:
    com.unity.multiplayer.center@1.0.1 (location: /Users/elijahsaloma/Desktop/CC_CANOE_PROJECT/Library/PackageCache/com.unity.multiplayer.center@b860850997d0)
    com.unity.modules.accessibility@1.0.0 (location: /Users/elijahsaloma/Desktop/CC_CANOE_PROJECT/Library/PackageCache/com.unity.modules.accessibility)
    com.unity.modules.adaptiveperformance@1.0.0 (location: /Users/elijahsaloma/Desktop/CC_CANOE_PROJECT/Library/PackageCache/com.unity.modules.adaptiveperformance)
    com.unity.modules.ai@1.0.0 (location: /Users/elijahsaloma/Desktop/CC_CANOE_PROJECT/Library/PackageCache/com.unity.modules.ai)
    com.unity.modules.androidjni@1.0.0 (location: /Users/elijahsaloma/Desktop/CC_CANOE_PROJECT/Library/PackageCache/com.unity.modules.androidjni)
    com.unity.modules.animation@1.0.0 (location: /Users/elijahsaloma/Desktop/CC_CANOE_PROJECT/Library/PackageCache/com.unity.modules.animation)
    com.unity.modules.assetbundle@1.0.0 (location: /Users/elijahsaloma/Desktop/CC_CANOE_PROJECT/Library/PackageCache/com.unity.modules.assetbundle)
    com.unity.modules.audio@1.0.0 (location: /Users/elijahsaloma/Desktop/CC_CANOE_PROJECT/Library/PackageCache/com.unity.modules.audio)
    com.unity.modules.cloth@1.0.0 (location: /Users/elijahsaloma/Desktop/CC_CANOE_PROJECT/Library/PackageCache/com.unity.modules.cloth)
    com.unity.modules.director@1.0.0 (location: /Users/elijahsaloma/Desktop/CC_CANOE_PROJECT/Library/PackageCache/com.unity.modules.director)
    com.unity.modules.imageconversion@1.0.0 (location: /Users/elijahsaloma/Desktop/CC_CANOE_PROJECT/Library/PackageCache/com.unity.modules.imageconversion)
    com.unity.modules.imgui@1.0.0 (location: /Users/elijahsaloma/Desktop/CC_CANOE_PROJECT/Library/PackageCache/com.unity.modules.imgui)
    com.unity.modules.jsonserialize@1.0.0 (location: /Users/elijahsaloma/Desktop/CC_CANOE_PROJECT/Library/PackageCache/com.unity.modules.jsonserialize)
    com.unity.modules.particlesystem@1.0.0 (location: /Users/elijahsaloma/Desktop/CC_CANOE_PROJECT/Library/PackageCache/com.unity.modules.particlesystem)
    com.unity.modules.physics@1.0.0 (location: /Users/elijahsaloma/Desktop/CC_CANOE_PROJECT/Library/PackageCache/com.unity.modules.physics)
    com.unity.modules.physics2d@1.0.0 (location: /Users/elijahsaloma/Desktop/CC_CANOE_PROJECT/Library/PackageCache/com.unity.modules.physics2d)
    com.unity.modules.physicscore2d@1.0.0 (location: /Users/elijahsaloma/Desktop/CC_CANOE_PROJECT/Library/PackageCache/com.unity.modules.physicscore2d)
    com.unity.modules.screencapture@1.0.0 (location: /Users/elijahsaloma/Desktop/CC_CANOE_PROJECT/Library/PackageCache/com.unity.modules.screencapture)
    com.unity.modules.terrain@1.0.0 (location: /Users/elijahsaloma/Desktop/CC_CANOE_PROJECT/Library/PackageCache/com.unity.modules.terrain)
    com.unity.modules.terrainphysics@1.0.0 (location: /Users/elijahsaloma/Desktop/CC_CANOE_PROJECT/Library/PackageCache/com.unity.modules.terrainphysics)
    com.unity.modules.tilemap@1.0.0 (location: /Users/elijahsaloma/Desktop/CC_CANOE_PROJECT/Library/PackageCache/com.unity.modules.tilemap)
    com.unity.modules.ui@1.0.0 (location: /Users/elijahsaloma/Desktop/CC_CANOE_PROJECT/Library/PackageCache/com.unity.modules.ui)
    com.unity.modules.uielements@1.0.0 (location: /Users/elijahsaloma/Desktop/CC_CANOE_PROJECT/Library/PackageCache/com.unity.modules.uielements)
    com.unity.modules.umbra@1.0.0 (location: /Users/elijahsaloma/Desktop/CC_CANOE_PROJECT/Library/PackageCache/com.unity.modules.umbra)
    com.unity.modules.unityanalytics@1.0.0 (location: /Users/elijahsaloma/Desktop/CC_CANOE_PROJECT/Library/PackageCache/com.unity.modules.unityanalytics)
    com.unity.modules.unitywebrequest@1.0.0 (location: /Users/elijahsaloma/Desktop/CC_CANOE_PROJECT/Library/PackageCache/com.unity.modules.unitywebrequest)
    com.unity.modules.unitywebrequestassetbundle@1.0.0 (location: /Users/elijahsaloma/Desktop/CC_CANOE_PROJECT/Library/PackageCache/com.unity.modules.unitywebrequestassetbundle)
    com.unity.modules.unitywebrequestaudio@1.0.0 (location: /Users/elijahsaloma/Desktop/CC_CANOE_PROJECT/Library/PackageCache/com.unity.modules.unitywebrequestaudio)
    com.unity.modules.unitywebrequesttexture@1.0.0 (location: /Users/elijahsaloma/Desktop/CC_CANOE_PROJECT/Library/PackageCache/com.unity.modules.unitywebrequesttexture)
    com.unity.modules.unitywebrequestwww@1.0.0 (location: /Users/elijahsaloma/Desktop/CC_CANOE_PROJECT/Library/PackageCache/com.unity.modules.unitywebrequestwww)
    com.unity.modules.vectorgraphics@1.0.0 (location: /Users/elijahsaloma/Desktop/CC_CANOE_PROJECT/Library/PackageCache/com.unity.modules.vectorgraphics)
    com.unity.modules.vehicles@1.0.0 (location: /Users/elijahsaloma/Desktop/CC_CANOE_PROJECT/Library/PackageCache/com.unity.modules.vehicles)
    com.unity.modules.video@1.0.0 (location: /Users/elijahsaloma/Desktop/CC_CANOE_PROJECT/Library/PackageCache/com.unity.modules.video)
    com.unity.modules.wind@1.0.0 (location: /Users/elijahsaloma/Desktop/CC_CANOE_PROJECT/Library/PackageCache/com.unity.modules.wind)
    com.unity.modules.xr@1.0.0 (location: /Users/elijahsaloma/Desktop/CC_CANOE_PROJECT/Library/PackageCache/com.unity.modules.xr)
    com.unity.modules.subsystems@1.0.0 (location: /Users/elijahsaloma/Desktop/CC_CANOE_PROJECT/Library/PackageCache/com.unity.modules.subsystems)
    com.unity.modules.hierarchycore@1.0.0 (location: /Users/elijahsaloma/Desktop/CC_CANOE_PROJECT/Library/PackageCache/com.unity.modules.hierarchycore)
[Subsystems] No new subsystems found in resolved package list.
[Package Manager] Done registering packages in 0.00 seconds
AcceleratorClientConnectionCallback - disconnected - :0
[ScriptCompilation] Requested script compilation because: Assembly Definition File(s) changed
[ScriptCompilation] Requested script compilation because: AssetDatabase observed changes in script compilation related files
info: Microsoft.Hosting.Lifetime[14]
      Now listening on: http://unix:/tmp/ilpp.sock-1c475276e0f041e117925c9181bf652d
info: Microsoft.Hosting.Lifetime[0]
      Application started. Press Ctrl+C to shut down.
info: Microsoft.Hosting.Lifetime[0]
      Hosting environment: Production
info: Microsoft.Hosting.Lifetime[0]
      Content root path: /Users/elijahsaloma/Desktop/CC_CANOE_PROJECT
info: Microsoft.AspNetCore.Hosting.Diagnostics[1]
      Request starting HTTP/2 POST http://ilpp/UnityILPP.PostProcessing/Ping - application/grpc -
info: Microsoft.AspNetCore.Routing.EndpointMiddleware[0]
      Executing endpoint 'gRPC - /UnityILPP.PostProcessing/Ping'
info: Microsoft.AspNetCore.Routing.EndpointMiddleware[1]
      Executed endpoint 'gRPC - /UnityILPP.PostProcessing/Ping'
info: Microsoft.AspNetCore.Hosting.Diagnostics[2]
      Request finished HTTP/2 POST http://ilpp/UnityILPP.PostProcessing/Ping - 200 - application/grpc 25.2527ms
Starting: /Applications/Unity/Hub/Editor/6000.5.10f1/Unity.app/Contents/Resources/BuildPipeline/bee_backend --ipc --defer-dag-verification --dagfile="Library/Bee/200b0aE.dag" --continue-on-failure --profile="Library/Bee/backend1.traceevents" ScriptAssemblies
WorkingDir: /Users/elijahsaloma/Desktop/CC_CANOE_PROJECT
ExitCode: 4 Duration: 0s17ms
[             ] Require frontend run.  Library/Bee/200b0aE.dag couldn't be loaded
Starting: /Applications/Unity/Hub/Editor/6000.5.10f1/Unity.app/Contents/Resources/Scripting/netcorerun/netcorerun "/Applications/Unity/Hub/Editor/6000.5.10f1/Unity.app/Contents/Resources/BuildPipeline/ScriptCompilationBuildProgram.exe" "Library/Bee/200b0aE.dag.json" "Library/Bee/200b0aE-inputdata.json" "Library/Bee/buildprogram0.traceevents"
WorkingDir: /Users/elijahsaloma/Desktop/CC_CANOE_PROJECT
ExitCode: 0 Duration: 0s363ms
Starting: /Applications/Unity/Hub/Editor/6000.5.10f1/Unity.app/Contents/Resources/BuildPipeline/bee_backend --ipc --defer-dag-verification --dagfile="Library/Bee/200b0aE.dag" --continue-on-failure --dagfilejson="Library/Bee/200b0aE.dag.json" --profile="Library/Bee/backend2.traceevents" ScriptAssemblies
WorkingDir: /Users/elijahsaloma/Desktop/CC_CANOE_PROJECT
ExitCode: 0 Duration: 2s911ms
Finished compiling graph: 172 nodes, 658 flattened edges (646 ToBuild, 4 ToUse), maximum node priority 24
[  1/169    0s] MovedFromExtractor Library/Bee/artifacts/mvdfrm/UnityEditor.AssetComplianceModule.dll_183A01B5E2E7BE72.mvfrm
[  2/169    0s] MovedFromExtractor Library/Bee/artifacts/mvdfrm/UnityEditor.iOS.Extensions.Xcode.dll_A69341F057112B30.mvfrm
[  3/169    0s] MovedFromExtractor Library/Bee/artifacts/mvdfrm/UnityEditor.AccessibilityModule.dll_E69FA911FC804025.mvfrm
[  4/169    0s] MovedFromExtractor Library/Bee/artifacts/mvdfrm/UnityEditor.AdaptivePerformanceModule.dll_B45AF922BAE20ED1.mvfrm
[  5/169    0s] WriteText Library/Bee/artifacts/200b0aE.dag/Unity.Multiplayer.Center.Common.rsp2
[  6/169    0s] WriteText Library/Bee/artifacts/200b0aE.dag/Unity.Multiplayer.Center.Common.UnityAdditionalFile.txt
[  7/169    0s] MovedFromExtractor Library/Bee/artifacts/mvdfrm/UnityEngine.CoreModule.dll_7F0EFBB456C7B767.mvfrm
[  8/169    0s] MovedFromExtractor Library/Bee/artifacts/mvdfrm/UnityEditor.Graphs.dll_C6C6396852959A6E.mvfrm
[  9/169    0s] MovedFromExtractor Library/Bee/artifacts/mvdfrm/Unity.Scripting.dll_3075EA804DDB0C85.mvfrm
[ 10/169    0s] MovedFromExtractor Library/Bee/artifacts/mvdfrm/UnityEditor.AIModule.dll_DE6367E47865B745.mvfrm
[ 11/169    0s] MovedFromExtractor Library/Bee/artifacts/mvdfrm/UnityEngine.VirtualTexturingModule.dll_EDFEE467F2EB3745.mvfrm
[ 12/169    0s] MovedFromExtractor Library/Bee/artifacts/mvdfrm/UnityEngine.VectorGraphicsModule.dll_3866955C1F957336.mvfrm
[ 13/169    0s] MovedFromExtractor Library/Bee/artifacts/mvdfrm/UnityEditor.BuildProfileModule.dll_5A9A243C0E6D33D8.mvfrm
[ 14/169    0s] MovedFromExtractor Library/Bee/artifacts/mvdfrm/UnityEngine.WindModule.dll_F55DD6DCE7FE35D0.mvfrm
[ 15/169    0s] MovedFromExtractor Library/Bee/artifacts/mvdfrm/UnityEngine.XRModule.dll_9DD6812B6B1EC392.mvfrm
[ 16/169    0s] MovedFromExtractor Library/Bee/artifacts/mvdfrm/UnityEngine.dll_980F96819F41B57E.mvfrm
[ 17/169    0s] MovedFromExtractor Library/Bee/artifacts/mvdfrm/UnityEngine.VehiclesModule.dll_86A6F37C5FDCF6DF.mvfrm
[ 18/169    0s] MovedFromExtractor Library/Bee/artifacts/mvdfrm/UnityEngine.VideoModule.dll_0C6A02EE081AE007.mvfrm
[ 19/169    0s] MovedFromExtractor Library/Bee/artifacts/mvdfrm/UnityEngine.UnityWebRequestWWWModule.dll_F46F9A83AAB85E8F.mvfrm
[ 20/169    0s] MovedFromExtractor Library/Bee/artifacts/mvdfrm/UnityEngine.UnityWebRequestModule.dll_629CB99365003A3C.mvfrm
[ 21/169    0s] MovedFromExtractor Library/Bee/artifacts/mvdfrm/UnityEngine.UnityWebRequestAssetBundleModule.dll_BEB1D0B805CDF87A.mvfrm
[ 22/169    0s] MovedFromExtractor Library/Bee/artifacts/mvdfrm/UnityEngine.VFXModule.dll_FCF29BA3B91FD4F4.mvfrm
[ 23/169    0s] MovedFromExtractor Library/Bee/artifacts/mvdfrm/UnityEngine.UnityCurlModule.dll_D06603A575C8B15D.mvfrm
[ 24/169    0s] MovedFromExtractor Library/Bee/artifacts/mvdfrm/UnityEngine.UnityWebRequestTextureModule.dll_328B7044FD821753.mvfrm
[ 25/169    0s] MovedFromExtractor Library/Bee/artifacts/mvdfrm/UnityEngine.UnityWebRequestAudioModule.dll_E89415F8A17D3DBE.mvfrm
[ 26/169    0s] MovedFromExtractor Library/Bee/artifacts/mvdfrm/UnityEngine.UnityAnalyticsCommonModule.dll_0BD67F5E34FB1184.mvfrm
[ 27/169    0s] MovedFromExtractor Library/Bee/artifacts/mvdfrm/UnityEngine.UnityConnectModule.dll_4333B5C12DD9199D.mvfrm
[ 28/169    0s] MovedFromExtractor Library/Bee/artifacts/mvdfrm/UnityEngine.UmbraModule.dll_62352A9BD2AF6FD5.mvfrm
[ 29/169    0s] MovedFromExtractor Library/Bee/artifacts/mvdfrm/UnityEngine.UIModule.dll_184597A14029F0BC.mvfrm
[ 30/169    0s] MovedFromExtractor Library/Bee/artifacts/mvdfrm/UnityEngine.UnityAnalyticsModule.dll_C0BECFF139B64EE9.mvfrm
[ 31/169    0s] MovedFromExtractor Library/Bee/artifacts/mvdfrm/UnityEngine.UnityConsentModule.dll_14D94CED3AE3AFED.mvfrm
[ 32/169    0s] MovedFromExtractor Library/Bee/artifacts/mvdfrm/UnityEngine.U2DRuntimeModule.dll_BFA0E4351BFB1D59.mvfrm
[ 33/169    0s] MovedFromExtractor Library/Bee/artifacts/mvdfrm/UnityEngine.UIElementsModule.dll_F302F4D64ECBE343.mvfrm
[ 34/169    0s] MovedFromExtractor Library/Bee/artifacts/mvdfrm/UnityEngine.TerrainPhysicsModule.dll_A19A07FAA6D1F77A.mvfrm
[ 35/169    0s] MovedFromExtractor Library/Bee/artifacts/mvdfrm/UnityEngine.TextCoreFontEngineModule.dll_E1C51EB62B74E905.mvfrm
[ 36/169    0s] MovedFromExtractor Library/Bee/artifacts/mvdfrm/UnityEngine.TilemapModule.dll_DB880ADCF30CD96A.mvfrm
[ 37/169    0s] MovedFromExtractor Library/Bee/artifacts/mvdfrm/UnityEngine.TextCoreTextEngineModule.dll_29AD5527BAF8A223.mvfrm
[ 38/169    0s] MovedFromExtractor Library/Bee/artifacts/mvdfrm/UnityEngine.TextRenderingModule.dll_161F44054057D02B.mvfrm
[ 39/169    0s] MovedFromExtractor Library/Bee/artifacts/mvdfrm/UnityEngine.TerrainModule.dll_3C8BA35BDB4FF861.mvfrm
[ 40/169    0s] MovedFromExtractor Library/Bee/artifacts/mvdfrm/UnityEngine.TLSModule.dll_7C140334E2B26B87.mvfrm
[ 41/169    0s] MovedFromExtractor Library/Bee/artifacts/mvdfrm/UnityEngine.SharedInternalsModule.dll_D50EF0BED1399B0D.mvfrm
[ 42/169    0s] MovedFromExtractor Library/Bee/artifacts/mvdfrm/UnityEngine.SubstanceModule.dll_2E89640DA08F74BC.mvfrm
[ 43/169    0s] MovedFromExtractor Library/Bee/artifacts/mvdfrm/UnityEngine.SpriteMaskModule.dll_84172D0C7D57BF39.mvfrm
[ 44/169    0s] MovedFromExtractor Library/Bee/artifacts/mvdfrm/UnityEngine.SpriteShapeModule.dll_B8E1E79C2B285CA8.mvfrm
[ 45/169    0s] MovedFromExtractor Library/Bee/artifacts/mvdfrm/UnityEngine.StreamingModule.dll_51DE4FC4553C76AE.mvfrm
[ 46/169    0s] MovedFromExtractor Library/Bee/artifacts/mvdfrm/UnityEngine.SubsystemsModule.dll_EEC4936E4B9FA74C.mvfrm
[ 47/169    0s] MovedFromExtractor Library/Bee/artifacts/mvdfrm/UnityEngine.ShaderVariantAnalyticsModule.dll_F3458DF5A94E52CE.mvfrm
[ 48/169    0s] MovedFromExtractor Library/Bee/artifacts/mvdfrm/UnityEngine.ScriptingModule.dll_B46ABB3A853C6E23.mvfrm
[ 49/169    0s] MovedFromExtractor Library/Bee/artifacts/mvdfrm/UnityEngine.RuntimeInitializeOnLoadManagerInitializerModule.dll_DA12845AFE88B1CE.mvfrm
[ 50/169    0s] MovedFromExtractor Library/Bee/artifacts/mvdfrm/UnityEngine.ScreenCaptureModule.dll_ECDFD1FA89205036.mvfrm
[ 51/169    0s] MovedFromExtractor Library/Bee/artifacts/mvdfrm/UnityEngine.RenderAs2DModule.dll_095DBC40AE2DD832.mvfrm
[ 52/169    0s] MovedFromExtractor Library/Bee/artifacts/mvdfrm/UnityEngine.PropertiesModule.dll_C825F9BACED38DFB.mvfrm
[ 53/169    0s] MovedFromExtractor Library/Bee/artifacts/mvdfrm/UnityEngine.PhysicsCore2DModule.dll_60A472E4D41DB834.mvfrm
[ 54/169    0s] MovedFromExtractor Library/Bee/artifacts/mvdfrm/UnityEngine.PhysicsModule.dll_224527ED0591AF73.mvfrm
[ 55/169    0s] MovedFromExtractor Library/Bee/artifacts/mvdfrm/UnityEngine.PhysicsBackendPhysXModule.dll_4EFE7565D8E3A495.mvfrm
[ 56/169    0s] MovedFromExtractor Library/Bee/artifacts/mvdfrm/UnityEngine.Physics2DModule.dll_E9EF5264A6B1B705.mvfrm
[ 57/169    0s] MovedFromExtractor Library/Bee/artifacts/mvdfrm/UnityEngine.MultiplayerModule.dll_1F28D6CE2E4DB216.mvfrm
[ 58/169    0s] MovedFromExtractor Library/Bee/artifacts/mvdfrm/UnityEngine.ParticleSystemModule.dll_A11F5F278D8EFCED.mvfrm
[ 59/169    0s] MovedFromExtractor Library/Bee/artifacts/mvdfrm/UnityEngine.MathematicsModule.dll_C495681AE9FE1BD2.mvfrm
[ 60/169    0s] MovedFromExtractor Library/Bee/artifacts/mvdfrm/UnityEngine.PerformanceReportingModule.dll_7097C21A1B127326.mvfrm
[ 61/169    0s] MovedFromExtractor Library/Bee/artifacts/mvdfrm/UnityEngine.LocalizationModule.dll_13BD711A7C54DEB1.mvfrm
[ 62/169    0s] MovedFromExtractor Library/Bee/artifacts/mvdfrm/UnityEngine.MarshallingModule.dll_47E958D659AE51F0.mvfrm
[ 63/169    0s] MovedFromExtractor Library/Bee/artifacts/mvdfrm/UnityEngine.InputForUIModule.dll_9D9D1495BC08C67B.mvfrm
[ 64/169    0s] MovedFromExtractor Library/Bee/artifacts/mvdfrm/UnityEngine.InputModule.dll_4DD64633BBC0E906.mvfrm
[ 65/169    0s] MovedFromExtractor Library/Bee/artifacts/mvdfrm/UnityEngine.InsightsModule.dll_A8AAC28D703076C3.mvfrm
[ 66/169    0s] MovedFromExtractor Library/Bee/artifacts/mvdfrm/UnityEngine.JSONSerializeModule.dll_D2F8247574B423D4.mvfrm
[ 67/169    0s] MovedFromExtractor Library/Bee/artifacts/mvdfrm/UnityEngine.InputLegacyModule.dll_30C5D5600D77DA8F.mvfrm
[ 68/169    0s] MovedFromExtractor Library/Bee/artifacts/mvdfrm/UnityEngine.ImageConversionModule.dll_50FDB1E95A0B9FBD.mvfrm
[ 69/169    0s] MovedFromExtractor Library/Bee/artifacts/mvdfrm/UnityEngine.IdentifiersModule.dll_780A423737FEF2B6.mvfrm
[ 70/169    0s] MovedFromExtractor Library/Bee/artifacts/mvdfrm/UnityEngine.IMGUIModule.dll_1FC01DEA0BBA5843.mvfrm
[ 71/169    0s] MovedFromExtractor Library/Bee/artifacts/mvdfrm/UnityEngine.HotReloadModule.dll_1E922079E0E7DAF2.mvfrm
[ 72/169    0s] MovedFromExtractor Library/Bee/artifacts/mvdfrm/UnityEngine.GraphicsStateCollectionSerializerModule.dll_8E3834DCB25ED1F2.mvfrm
[ 73/169    0s] MovedFromExtractor Library/Bee/artifacts/mvdfrm/UnityEngine.HierarchyCoreModule.dll_E9FB3813E4261C40.mvfrm
[ 74/169    0s] MovedFromExtractor Library/Bee/artifacts/mvdfrm/UnityEngine.GridModule.dll_5C8017A26F1C4D5E.mvfrm
[ 75/169    0s] MovedFromExtractor Library/Bee/artifacts/mvdfrm/UnityEngine.GIModule.dll_B50E42817F91D32A.mvfrm
[ 76/169    0s] MovedFromExtractor Library/Bee/artifacts/mvdfrm/UnityEngine.GameCenterModule.dll_9AEABA7C5BE829BF.mvfrm
[ 77/169    0s] MovedFromExtractor Library/Bee/artifacts/mvdfrm/UnityEngine.DirectorModule.dll_0EE3F9FCE5B32744.mvfrm
[ 78/169    0s] MovedFromExtractor Library/Bee/artifacts/mvdfrm/UnityEngine.DSPGraphModule.dll_14355B665813F865.mvfrm
[ 79/169    0s] MovedFromExtractor Library/Bee/artifacts/mvdfrm/UnityEditor.OSXStandalone.Extensions.dll_84BB0DD0E2E5DF1D.mvfrm
[ 80/169    0s] MovedFromExtractor Library/Bee/artifacts/mvdfrm/UnityEngine.CrashReportingModule.dll_4E0D15DB1F7D715F.mvfrm
[ 81/169    0s] MovedFromExtractor Library/Bee/artifacts/mvdfrm/UnityEngine.ClusterInputModule.dll_D570A6C7E4D8EBB8.mvfrm
[ 82/169    0s] MovedFromExtractor Library/Bee/artifacts/mvdfrm/UnityEngine.ContentLoadModule.dll_389713824408CC8B.mvfrm
[ 83/169    0s] MovedFromExtractor Library/Bee/artifacts/mvdfrm/UnityEngine.ClusterRendererModule.dll_E50BB438D7E6E7C9.mvfrm
[ 84/169    0s] MovedFromExtractor Library/Bee/artifacts/mvdfrm/UnityEngine.ClothModule.dll_4E48DB7E1FA5A346.mvfrm
[ 85/169    0s] MovedFromExtractor Library/Bee/artifacts/mvdfrm/UnityEngine.AudioModule.dll_E7607E834588C462.mvfrm
[ 86/169    0s] MovedFromExtractor Library/Bee/artifacts/mvdfrm/UnityEngine.AssetBundleModule.dll_9F80BA417586249E.mvfrm
[ 87/169    0s] MovedFromExtractor Library/Bee/artifacts/mvdfrm/UnityEngine.AnimationModule.dll_9D49627405B4BF70.mvfrm
[ 88/169    0s] MovedFromExtractor Library/Bee/artifacts/mvdfrm/UnityEngine.ARModule.dll_D644BE77410049D9.mvfrm
[ 89/169    0s] MovedFromExtractor Library/Bee/artifacts/mvdfrm/UnityEngine.AdaptivePerformanceModule.dll_74EA8DD8F62761D6.mvfrm
[ 90/169    0s] MovedFromExtractor Library/Bee/artifacts/mvdfrm/UnityEngine.AndroidJNIModule.dll_709D706195A738CE.mvfrm
[ 91/169    0s] MovedFromExtractor Library/Bee/artifacts/mvdfrm/UnityEngine.AIModule.dll_1CD1F973E3E2EB10.mvfrm
[ 92/169    0s] MovedFromExtractor Library/Bee/artifacts/mvdfrm/UnityEngine.AccessibilityModule.dll_72E09B397578C34A.mvfrm
[ 93/169    0s] MovedFromExtractor Library/Bee/artifacts/mvdfrm/UnityEditor.dll_656B4FA940CE2899.mvfrm
[ 94/169    0s] MovedFromExtractor Library/Bee/artifacts/mvdfrm/UnityEditor.VideoModule.dll_463D4689D69DAF62.mvfrm
[ 95/169    0s] MovedFromExtractor Library/Bee/artifacts/mvdfrm/UnityEditor.XRModule.dll_5F67EF9BFFA18FC7.mvfrm
[ 96/169    0s] MovedFromExtractor Library/Bee/artifacts/mvdfrm/UnityEditor.VectorGraphicsModule.dll_7D4233C103A8DF2B.mvfrm
[ 97/169    0s] MovedFromExtractor Library/Bee/artifacts/mvdfrm/UnityEditor.VFXModule.dll_F0D0F950496FC6EF.mvfrm
[ 98/169    0s] MovedFromExtractor Library/Bee/artifacts/mvdfrm/UnityEditor.UmbraModule.dll_9C086E37A1323F30.mvfrm
[ 99/169    0s] MovedFromExtractor Library/Bee/artifacts/mvdfrm/UnityEditor.UnityConnectModule.dll_55D431B2335118F2.mvfrm
[100/169    0s] MovedFromExtractor Library/Bee/artifacts/mvdfrm/UnityEditor.UIToolkitAuthoringModule.dll_96BC37F036FDADFA.mvfrm
[101/169    0s] MovedFromExtractor Library/Bee/artifacts/mvdfrm/UnityEditor.UIElementsSamplesModule.dll_0C0C4B1523351EF5.mvfrm
[102/169    0s] MovedFromExtractor Library/Bee/artifacts/mvdfrm/UnityEditor.UIBuilderModule.dll_234C93679E1063FE.mvfrm
[103/169    0s] MovedFromExtractor Library/Bee/artifacts/mvdfrm/UnityEditor.UIElementsModule.dll_F254878E4C87C9F8.mvfrm
[104/169    0s] MovedFromExtractor Library/Bee/artifacts/mvdfrm/UnityEditor.UIAutomationModule.dll_0B3B132CAAE0FC98.mvfrm
[105/169    0s] MovedFromExtractor Library/Bee/artifacts/mvdfrm/UnityEditor.TextRenderingModule.dll_89DE51DDC75F4D06.mvfrm
[106/169    0s] MovedFromExtractor Library/Bee/artifacts/mvdfrm/UnityEditor.U2DModule.dll_1CA9A4337F0C274E.mvfrm
[107/169    0s] MovedFromExtractor Library/Bee/artifacts/mvdfrm/UnityEditor.TreeModule.dll_B99A1D703687E17B.mvfrm
[108/169    0s] MovedFromExtractor Library/Bee/artifacts/mvdfrm/UnityEditor.TilemapModule.dll_E90D52328DFDF225.mvfrm
[109/169    0s] MovedFromExtractor Library/Bee/artifacts/mvdfrm/UnityEditor.TextCoreTextEngineModule.dll_AB4DD9D4A7FAE358.mvfrm
[110/169    0s] MovedFromExtractor Library/Bee/artifacts/mvdfrm/UnityEditor.TextCoreFontEngineModule.dll_6365A36318772A3A.mvfrm
[111/169    0s] MovedFromExtractor Library/Bee/artifacts/mvdfrm/UnityEditor.TerrainModule.dll_4A10EAB17641111C.mvfrm
[112/169    0s] MovedFromExtractor Library/Bee/artifacts/mvdfrm/UnityEditor.SpriteMaskModule.dll_8368BFC47B13A5EE.mvfrm
[113/169    0s] MovedFromExtractor Library/Bee/artifacts/mvdfrm/UnityEditor.SubstanceModule.dll_78A37324BB0FC2D7.mvfrm
[114/169    0s] MovedFromExtractor Library/Bee/artifacts/mvdfrm/UnityEditor.SketchUpModule.dll_FBE21CCCAD19EBD4.mvfrm
[115/169    0s] MovedFromExtractor Library/Bee/artifacts/mvdfrm/UnityEditor.SpriteShapeModule.dll_B31C180D18EE4C23.mvfrm
[116/169    0s] MovedFromExtractor Library/Bee/artifacts/mvdfrm/UnityEditor.ShaderFoundryModule.dll_7F1AFFE597B2183B.mvfrm
[117/169    0s] MovedFromExtractor Library/Bee/artifacts/mvdfrm/UnityEditor.ShaderCompilationModule.dll_17DAAD8D063913C5.mvfrm
[118/169    0s] MovedFromExtractor Library/Bee/artifacts/mvdfrm/UnityEditor.ShaderBuildSettingsModule.dll_BC813FCB8DE14013.mvfrm
[119/169    0s] MovedFromExtractor Library/Bee/artifacts/mvdfrm/UnityEditor.SceneViewModule.dll_0D73C953207AB7D8.mvfrm
[120/169    0s] MovedFromExtractor Library/Bee/artifacts/mvdfrm/UnityEditor.SafeModeModule.dll_13CD377C61E84FBD.mvfrm
[121/169    0s] MovedFromExtractor Library/Bee/artifacts/mvdfrm/UnityEditor.QuickInstallModule.dll_3979727B4FF3A20B.mvfrm
[122/169    0s] MovedFromExtractor Library/Bee/artifacts/mvdfrm/UnityEditor.SceneTemplateModule.dll_403B2FA275029BAD.mvfrm
[123/169    0s] MovedFromExtractor Library/Bee/artifacts/mvdfrm/UnityEditor.QuickSearchModule.dll_5B978750131F6FAC.mvfrm
[124/169    0s] MovedFromExtractor Library/Bee/artifacts/mvdfrm/UnityEditor.PropertiesModule.dll_C7778C72CC8F74B0.mvfrm
[125/169    0s] MovedFromExtractor Library/Bee/artifacts/mvdfrm/UnityEditor.ProjectAuditorModule.dll_30AFA7F1C63B2E42.mvfrm
[126/169    0s] MovedFromExtractor Library/Bee/artifacts/mvdfrm/UnityEditor.PresetsUIModule.dll_8A2A1F2D2DB042CF.mvfrm
[127/169    0s] MovedFromExtractor Library/Bee/artifacts/mvdfrm/UnityEditor.PlayModeModule.dll_59C1293600B15F24.mvfrm
[128/169    0s] MovedFromExtractor Library/Bee/artifacts/mvdfrm/UnityEditor.Physics2DModule.dll_3409617BC1320520.mvfrm
[129/169    0s] MovedFromExtractor Library/Bee/artifacts/mvdfrm/UnityEditor.PhysicsModule.dll_2FCA6F42A082C82E.mvfrm
[130/169    0s] MovedFromExtractor Library/Bee/artifacts/mvdfrm/UnityEditor.PhysicsCore2DModule.dll_D46380BD5B25350F.mvfrm
[131/169    0s] MovedFromExtractor Library/Bee/artifacts/mvdfrm/UnityEditor.MultiplayerModule.dll_1963073F1C13A191.mvfrm
[132/169    0s] MovedFromExtractor Library/Bee/artifacts/mvdfrm/UnityEditor.MediaModule.dll_ECF3DBB092581C4B.mvfrm
[133/169    0s] MovedFromExtractor Library/Bee/artifacts/mvdfrm/UnityEditor.MathematicsModule.dll_BECF988BD7C40B4D.mvfrm
[134/169    0s] MovedFromExtractor Library/Bee/artifacts/mvdfrm/UnityEditor.LightingModule.dll_0DD4AEF8B4D418E9.mvfrm
[135/169    0s] MovedFromExtractor Library/Bee/artifacts/mvdfrm/UnityEditor.GridModule.dll_395F444FC716E233.mvfrm
[136/169    0s] MovedFromExtractor Library/Bee/artifacts/mvdfrm/UnityEditor.GridAndSnapModule.dll_DA40ECC43DAD3042.mvfrm
[137/169    0s] MovedFromExtractor Library/Bee/artifacts/mvdfrm/UnityEditor.HierarchyModule.dll_BC37ED26E937298C.mvfrm
[138/169    0s] MovedFromExtractor Library/Bee/artifacts/mvdfrm/UnityEditor.GraphViewModule.dll_CEC3E64B2B57EACA.mvfrm
[139/169    0s] MovedFromExtractor Library/Bee/artifacts/mvdfrm/UnityEditor.GraphicsStateCollectionSerializerModule.dll_854467ECE55F888D.mvfrm
[140/169    0s] MovedFromExtractor Library/Bee/artifacts/mvdfrm/UnityEditor.GenericRemoteModule.dll_7CA0FEED5E246924.mvfrm
[141/169    0s] MovedFromExtractor Library/Bee/artifacts/mvdfrm/UnityEditor.GraphToolkitModule.dll_767708E6FF1C625D.mvfrm
[142/169    0s] MovedFromExtractor Library/Bee/artifacts/mvdfrm/UnityEditor.GIModule.dll_769FB0F214149F5F.mvfrm
[143/169    0s] MovedFromExtractor Library/Bee/artifacts/mvdfrm/UnityEditor.EmbreeModule.dll_ED446E040886D405.mvfrm
[144/169    0s] WriteText Library/Bee/artifacts/200b0aE.dag/Unity.Multiplayer.Center.Common.dll.mvfrm.rsp
[145/169    0s] WriteText Library/Bee/artifacts/200b0aE.dag/Unity.Multiplayer.Center.Common.rsp
[146/169    0s] MovedFromExtractor Library/Bee/artifacts/mvdfrm/UnityEditor.EditorToolbarModule.dll_1C9BBEE47615F175.mvfrm
[147/169    0s] MovedFromExtractor Library/Bee/artifacts/mvdfrm/UnityEditor.DiagnosticsModule.dll_D0880642BA487353.mvfrm
[148/169    0s] MovedFromExtractor Library/Bee/artifacts/mvdfrm/UnityEditor.DeviceSimulatorModule.dll_DF5EF1C7682BDA45.mvfrm
[149/169    0s] WriteText Library/Bee/artifacts/200b0aE.dag/Unity.Multiplayer.Center.Editor.UnityAdditionalFile.txt
[150/169    0s] WriteText Library/Bee/artifacts/200b0aE.dag/Unity.Multiplayer.Center.Editor.rsp2
[151/169    0s] WriteText Library/Bee/artifacts/200b0aE.dag/Unity.Multiplayer.Center.Editor.dll.mvfrm.rsp
[152/169    0s] WriteText Library/Bee/artifacts/200b0aE.dag/Unity.Multiplayer.Center.Editor.rsp
[153/169    0s] MovedFromExtractor Library/Bee/artifacts/mvdfrm/UnityEditor.CoreModule.dll_5BEE2861AEC24C3C.mvfrm
[154/169    0s] MovedFromExtractor Library/Bee/artifacts/mvdfrm/UnityEditor.ContentLoadModule.dll_32D143F331CEBC06.mvfrm
[155/169    0s] MovedFromExtractor Library/Bee/artifacts/mvdfrm/UnityEditor.CoreBusinessMetricsModule.dll_3445F29CE1293DCB.mvfrm
[156/169    0s] MovedFromExtractor Library/Bee/artifacts/mvdfrm/UnityEngine.AMDModule.dll_7D843FCFBB81F034.mvfrm
[157/169    0s] MovedFromExtractor Library/Bee/artifacts/mvdfrm/UnityEditor.ClothModule.dll_881C1F19EE2872A1.mvfrm
[158/169    0s] MovedFromExtractor Library/Bee/artifacts/mvdfrm/UnityEngine.HierarchyModule.dll_721DDE0FCEB6DB71.mvfrm
[159/169    0s] MovedFromExtractor Library/Bee/artifacts/mvdfrm/UnityEngine.NVIDIAModule.dll_455585EB6623EEB3.mvfrm
[160/169    0s] MovedFromExtractor-Combine Library/Bee/artifacts/200b0aE.dag/Unity.Multiplayer.Center.Common.dll.mvfrm
[           0s] Csc Library/Bee/artifacts/200b0aE.dag/Unity.Multiplayer.Center.Common.dll (+2 others) [CacheMiss 6db79ea86a6658c63d65ec54c9cbf0a200000000000000000000000000000006]
[161/169    1s] Csc Library/Bee/artifacts/200b0aE.dag/Unity.Multiplayer.Center.Common.dll (+2 others)
[           0s] Csc Library/Bee/artifacts/200b0aE.dag/Unity.Multiplayer.Center.Common.dll (+2 others) [CacheWrite 6db79ea86a6658c63d65ec54c9cbf0a200000000000000000000000000000006]
[162/169    0s] CopyFiles Library/ScriptAssemblies/Unity.Multiplayer.Center.Common.pdb
[163/169    0s] CopyFiles Library/ScriptAssemblies/Unity.Multiplayer.Center.Common.dll
[164/169    0s] MovedFromExtractor Library/Bee/artifacts/mvdfrm/Unity.Multiplayer.Center.Common.ref.dll_70C63ADD63245F54.mvfrm
[165/169    0s] MovedFromExtractor-Combine Library/Bee/artifacts/200b0aE.dag/Unity.Multiplayer.Center.Editor.dll.mvfrm
[           0s] Csc Library/Bee/artifacts/200b0aE.dag/Unity.Multiplayer.Center.Editor.dll (+2 others) [CacheMiss 118dbb54fd5b6cb568ac1ca9d472b14400000000000000000000000000000006]
[166/169    0s] Csc Library/Bee/artifacts/200b0aE.dag/Unity.Multiplayer.Center.Editor.dll (+2 others)
[           0s] Csc Library/Bee/artifacts/200b0aE.dag/Unity.Multiplayer.Center.Editor.dll (+2 others) [CacheWrite 118dbb54fd5b6cb568ac1ca9d472b14400000000000000000000000000000006]
[167/169    0s] CopyFiles Library/ScriptAssemblies/Unity.Multiplayer.Center.Editor.pdb
[168/169    0s] CopyFiles Library/ScriptAssemblies/Unity.Multiplayer.Center.Editor.dll
*** Tundra build success (2.90 seconds), 168 items updated, 169 evaluated
AssetDatabase: script compilation time: 3.839720s
Begin MonoManager ReloadAssembly
<CFData 0x2b0fb6950 [0x1eb59f4b0]>{length = 6, capacity = 6, bytes = 0x1c57dc6ee6f4}
Importing 'GUID: 00000000000000001000000000000000 - Path: Assets' with importer (DefaultImporter)
Imported 'GUID: 00000000000000001000000000000000' -> (Import Result ID: 'd4b99c274a2bfd195a0fab07a219813d') in 0.008 seconds [static dependencies only]. Details - ImportResultOutputID=931399766a3d35f20ee4474945b75a67 DependenciesID=b70de132a7282aafa7414a97dcffc9e1 StaticDependenciesID=f5f353ad10b41c84dbd766055d9989c6 
Importing 'GUID: 00000000000000002000000000000000 - Path: ProjectSettings/InputManager.asset' with importer (LibraryAssetImporter)
Imported 'GUID: 00000000000000002000000000000000' -> (Import Result ID: '122dd9edfa1375de805a66904857642d') in 0.001 seconds [static dependencies only]. Details - ImportResultOutputID=0290babc70dea6fa2c98f564a251f1f8 DependenciesID=e13aed5572a9dfc6d157cca70707a022 StaticDependenciesID=233ebbccf2adc0a5c1ca8885eb2bc052 
Importing 'GUID: 00000000000000003000000000000000 - Path: ProjectSettings/TagManager.asset' with importer (LibraryAssetImporter)
Imported 'GUID: 00000000000000003000000000000000' -> (Import Result ID: 'e7f16330ab18354fa5c6c22588bd6b9e') in 0.000 seconds [static dependencies only]. Details - ImportResultOutputID=fd6696bcbef029973bb12ace65e33982 DependenciesID=f35365170e5d58c444badbe1c8e8a4fc StaticDependenciesID=bcd866a7c3956a26e77b74cfbc6210b0 
Importing 'GUID: 00000000000000004000000000000000 - Path: ProjectSettings/ProjectSettings.asset' with importer (LibraryAssetImporter)
Imported 'GUID: 00000000000000004000000000000000' -> (Import Result ID: '841def5cd62de84dc034f15655446f40') in 0.000 seconds [static dependencies only]. Details - ImportResultOutputID=276a810dac73e1f29404d5e5f692e214 DependenciesID=db2708e16a0228b77bc58c4bdf3cee61 StaticDependenciesID=f37fee4ab9bce6257229cfdab7f58c10 
Importing 'GUID: 00000000000000006000000000000000 - Path: ProjectSettings/AudioManager.asset' with importer (LibraryAssetImporter)
Imported 'GUID: 00000000000000006000000000000000' -> (Import Result ID: '222655a7ee09c701162a4a03301f329d') in 0.000 seconds [static dependencies only]. Details - ImportResultOutputID=acca44841ee8003c72d524064efb6e35 DependenciesID=1c867fc2eb1e33cbab379e9914026e24 StaticDependenciesID=c60a58a77039892abca1222b4524d2f6 
Importing 'GUID: 00000000000000007000000000000000 - Path: ProjectSettings/TimeManager.asset' with importer (LibraryAssetImporter)
Imported 'GUID: 00000000000000007000000000000000' -> (Import Result ID: 'b7cea43959c5a70f6cafb9d7bbf07204') in 0.000 seconds [static dependencies only]. Details - ImportResultOutputID=bcbe57e6eed4f14d697ceae3e9a4ee48 DependenciesID=b41fcbca90521a4ef76dc45abd5ee30f StaticDependenciesID=de80ff743d967013c06205e8643638c7 
Importing 'GUID: 00000000000000008000000000000000 - Path: ProjectSettings/DynamicsManager.asset' with importer (LibraryAssetImporter)
Imported 'GUID: 00000000000000008000000000000000' -> (Import Result ID: '01117e187546a80035e1d4d46e76d0d3') in 0.000 seconds [static dependencies only]. Details - ImportResultOutputID=af765d07e318cf68f695edacf91778bd DependenciesID=a72988d2a4e3c003a30c86e53a954198 StaticDependenciesID=7292a8773e09fece8a4831b39fe2006c 
Importing 'GUID: 00000000000000009000000000000000 - Path: ProjectSettings/QualitySettings.asset' with importer (LibraryAssetImporter)
Imported 'GUID: 00000000000000009000000000000000' -> (Import Result ID: '88b1caad7788adf2b3f6920226537fe1') in 0.000 seconds [static dependencies only]. Details - ImportResultOutputID=7b12711da11c94ad897442b4820d3f7b DependenciesID=253c850b96121a2945831e0885510615 StaticDependenciesID=3c048ebdf1fe67a565e3878bb03d32b6 
Importing 'GUID: 0000000000000000b000000000000000 - Path: ProjectSettings/EditorBuildSettings.asset' with importer (LibraryAssetImporter)
Imported 'GUID: 0000000000000000b000000000000000' -> (Import Result ID: '2e292a13dea8a88f7a8fdfa7e245ba03') in 0.000 seconds [static dependencies only]. Details - ImportResultOutputID=4647dd083cfc32cebcd7526e8846440c DependenciesID=3dbde5f0d39015c9d271c66bfeeb76cc StaticDependenciesID=bb1b3efeaa1814676e759f4b719a3637 
Importing 'GUID: 0000000000000000c000000000000000 - Path: ProjectSettings/EditorSettings.asset' with importer (LibraryAssetImporter)
Imported 'GUID: 0000000000000000c000000000000000' -> (Import Result ID: '93f1bc7c7140748e4a7321935b79dc34') in 0.000 seconds [static dependencies only]. Details - ImportResultOutputID=fc08cc28cef36a03227c22ef67b54535 DependenciesID=8078c99c18770556d1591ca1b0894991 StaticDependenciesID=22679ec3dbe4c06bbf8f5992886e8cb4 
Importing 'GUID: 00000000000000004100000000000000 - Path: ProjectSettings/NavMeshAreas.asset' with importer (LibraryAssetImporter)
Imported 'GUID: 00000000000000004100000000000000' -> (Import Result ID: '46b5ec913a38468a6faec06896eae508') in 0.000 seconds [static dependencies only]. Details - ImportResultOutputID=90afd57cd2fd79df9534381ff5673272 DependenciesID=45d1aa60824ee9d69c2ca37e825a726b StaticDependenciesID=768cfffea40bf388eb2d762e3a890cea 
Importing 'GUID: 00000000000000005100000000000000 - Path: ProjectSettings/Physics2DSettings.asset' with importer (LibraryAssetImporter)
Imported 'GUID: 00000000000000005100000000000000' -> (Import Result ID: 'f668ca342e7e36520c736e6ebc6d382e') in 0.000 seconds [static dependencies only]. Details - ImportResultOutputID=51a8098361d5b0c1ab07bfc06e51f152 DependenciesID=cd9e79e3e3be26effd12085751c8f2bc StaticDependenciesID=4736f57993cccbae888eab25ec373e17 
Importing 'GUID: 00000000000000006100000000000000 - Path: ProjectSettings/GraphicsSettings.asset' with importer (LibraryAssetImporter)
Imported 'GUID: 00000000000000006100000000000000' -> (Import Result ID: '5bb79f5634c411213397437dc71f837f') in 0.000 seconds [static dependencies only]. Details - ImportResultOutputID=f9600466f06a676b7a4f639f6629ea48 DependenciesID=472884dae36dd4fa4029e0bfee54bb70 StaticDependenciesID=ce3f9b9b0558aee0455f15fbe1679d2d 
Importing 'GUID: 00000000000000007100000000000000 - Path: ProjectSettings/ClusterInputManager.asset' with importer (LibraryAssetImporter)
Imported 'GUID: 00000000000000007100000000000000' -> (Import Result ID: '6012ce5603f09e577aed0b98e99b19f6') in 0.000 seconds [static dependencies only]. Details - ImportResultOutputID=8ce0cedd10b8cd8471ed9838bfc872ed DependenciesID=2eeb3818bb72d92466f5f953bb62736b StaticDependenciesID=c84399ef936c24c7ddc46cfba0d9b6f9 
Importing 'GUID: 0000000000000000a100000000000000 - Path: ProjectSettings/UnityConnectSettings.asset' with importer (LibraryAssetImporter)
Imported 'GUID: 0000000000000000a100000000000000' -> (Import Result ID: '33ae2595f4bf6fdbcda99d991731ec59') in 0.000 seconds [static dependencies only]. Details - ImportResultOutputID=1989c27f310e62ee2c72d63f16a698d0 DependenciesID=95e5490b10cfbf0a98389d7a454554a7 StaticDependenciesID=e5799262eb4150d572a91320e9a15e14 
Importing 'GUID: 0000000000000000b100000000000000 - Path: ProjectSettings/PresetManager.asset' with importer (LibraryAssetImporter)
Imported 'GUID: 0000000000000000b100000000000000' -> (Import Result ID: '28ecaa07aa0626f067ead5bd138d0a69') in 0.000 seconds [static dependencies only]. Details - ImportResultOutputID=d271a469f14af9d29dbd89abc966f7ef DependenciesID=8e056439a10f7126afa94c46042b091c StaticDependenciesID=7b53acc339a522b0da4196921a41418e 
Importing 'GUID: 0000000000000000c100000000000000 - Path: ProjectSettings/VFXManager.asset' with importer (LibraryAssetImporter)
Imported 'GUID: 0000000000000000c100000000000000' -> (Import Result ID: '500a0c5a3eb90d0a1d5ec47a16bbfe30') in 0.000 seconds [static dependencies only]. Details - ImportResultOutputID=d5b1cc1b236d3087c4a5fc9e9cb18618 DependenciesID=ffec35c0b81aa3428ad4fd0a1cdbca40 StaticDependenciesID=73a7f55396d42bbd23b84f522c611c91 
Importing 'GUID: 0000000000000000d100000000000000 - Path: ProjectSettings/VersionControlSettings.asset' with importer (LibraryAssetImporter)
Imported 'GUID: 0000000000000000d100000000000000' -> (Import Result ID: '81e35fcbfa4800506724c99876c7088b') in 0.000 seconds [static dependencies only]. Details - ImportResultOutputID=0a19189542c4b1aa9afad4d76b36cbef DependenciesID=29b26ee47832bf1b39596302c61ef4b2 StaticDependenciesID=b5510de9c562b6e15681a7bd79c2c32e 
Importing 'GUID: 0000000000000000f100000000000000 - Path: ProjectSettings/MemorySettings.asset' with importer (LibraryAssetImporter)
Imported 'GUID: 0000000000000000f100000000000000' -> (Import Result ID: '88500ba79cde7c30808df8a48958ca4a') in 0.000 seconds [static dependencies only]. Details - ImportResultOutputID=078c9215d0d3f7dcc6c2ea9c2e21e93e DependenciesID=ccf9b4b9d211e303124b03d2e71bc35a StaticDependenciesID=b66940920b2e41cc5165287b32b299d0 
Importing 'GUID: 00000000000000000200000000000000 - Path: ProjectSettings/MultiplayerManager.asset' with importer (LibraryAssetImporter)
Imported 'GUID: 00000000000000000200000000000000' -> (Import Result ID: '6e3bb7f61b2e132c4c79fbeb19a1d328') in 0.000 seconds [static dependencies only]. Details - ImportResultOutputID=cc8bc420ff0fb13a9534be625b324364 DependenciesID=64d1db0c7eff66154c45d867da4ad13d StaticDependenciesID=5a00061f5d03ec70885cdd29485be38f 
Importing 'GUID: 00000000000000001200000000000000 - Path: ProjectSettings/PhysicsCoreProjectSettings2D.asset' with importer (LibraryAssetImporter)
Imported 'GUID: 00000000000000001200000000000000' -> (Import Result ID: '7db99f4ef78df8eea254cce16e190be4') in 0.000 seconds [static dependencies only]. Details - ImportResultOutputID=07b8874da21d0d67c4347d012422ba62 DependenciesID=c35a41b4dbc5a4a21cd219ec06d595b2 StaticDependenciesID=d7f6b6ebc14df93041ab7a97c0c9c64b 
Importing 'GUID: 00000000000000002300000000000000 - Path: Library/BuildInstructions' with importer (DefaultImporter)
Imported 'GUID: 00000000000000002300000000000000' -> (Import Result ID: 'd414f514f549833c39aae7152c59aeb3') in 0.000 seconds [static dependencies only]. Details - ImportResultOutputID=d2da4dbe7433590953d90148eb4e1f22 DependenciesID=f91b153018f3a82b66ea2319cf957f42 StaticDependenciesID=ef352f98b66d8f5b312774c3ee71f599 
Importing 'GUID: c060426bfd6e82575228df6656368eaa - Path: Packages/com.unity.modules.imgui' with importer (DefaultImporter)
Imported 'GUID: c060426bfd6e82575228df6656368eaa' -> (Import Result ID: 'cf02847ceec7d2872cfd3abefa14549b') in 0.000 seconds [static dependencies only]. Details - ImportResultOutputID=dcc23da4b16b268ee6e83200b7ebb805 DependenciesID=2086ddccde2e6fbd24cff6207f712388 StaticDependenciesID=dcfbfa33c460c8bce2fbeaa89284fa4b 
Importing 'GUID: 1158e311a3101950348dcecb1bebc42d - Path: Packages/com.unity.modules.animation' with importer (DefaultImporter)
Imported 'GUID: 1158e311a3101950348dcecb1bebc42d' -> (Import Result ID: 'e37b81a46bcef9cbe7d6da2c7722799c') in 0.000 seconds [static dependencies only]. Details - ImportResultOutputID=7f760e80e4376f4e2af6163c51483957 DependenciesID=33f806035b03395b7cd71586c052efa7 StaticDependenciesID=d58e4e925b4477ec3fc56266dda92cb7 
Importing 'GUID: 515638b803bef8599dbd6d5c8bdaa53e - Path: Packages/com.unity.modules.xr' with importer (DefaultImporter)
Imported 'GUID: 515638b803bef8599dbd6d5c8bdaa53e' -> (Import Result ID: 'f58d699fd78b48df6f7b684ee0fec26b') in 0.000 seconds [static dependencies only]. Details - ImportResultOutputID=4287b6c9de175897d57f5d0f89be5f52 DependenciesID=70fc0679b0d07239c2400ea969970978 StaticDependenciesID=14dc3a32c9be63acfb43cbd973f867b9 
Importing 'GUID: b219c86ce508e478367c0a46e1aa9fe4 - Path: Packages/com.unity.modules.assetbundle' with importer (DefaultImporter)
Imported 'GUID: b219c86ce508e478367c0a46e1aa9fe4' -> (Import Result ID: 'e407681b1bca06d4ee80ffd67027d990') in 0.000 seconds [static dependencies only]. Details - ImportResultOutputID=89494b4b6b631d330268aeb9dacd9e16 DependenciesID=49321cd40391b47dca923c46a0b51cd4 StaticDependenciesID=f0921b01574508825a731309420aac3e 
Importing 'GUID: 04c6898809c37620ac863cc2a5d7c4d0 - Path: Packages/com.unity.modules.vectorgraphics' with importer (DefaultImporter)
Imported 'GUID: 04c6898809c37620ac863cc2a5d7c4d0' -> (Import Result ID: '7bdc20d0b18267a5e9124ff29a87609f') in 0.000 seconds [static dependencies only]. Details - ImportResultOutputID=3855432a71b0a738524e2b907e4a06f1 DependenciesID=c7668d1b1f42ace2a16d41bf0365eaac StaticDependenciesID=db47898b496856ae70e47157d5480627 
Importing 'GUID: 5469ef0820152a4ae45d400fdc4626e4 - Path: Packages/com.unity.modules.screencapture' with importer (DefaultImporter)
Imported 'GUID: 5469ef0820152a4ae45d400fdc4626e4' -> (Import Result ID: '1e9d2faeef0c157dc048cd69028c8f55') in 0.000 seconds [static dependencies only]. Details - ImportResultOutputID=883c2ddc1cc8ab47552769d7d10ec20e DependenciesID=e8d1b1ac77d92bb2a277bde4b7864921 StaticDependenciesID=2d36e1f7d4053f2b93ff7495a5c1dde9 
Importing 'GUID: c4df1124e2787ee0c8d1a911de17ee73 - Path: Packages/com.unity.modules.cloth' with importer (DefaultImporter)
Imported 'GUID: c4df1124e2787ee0c8d1a911de17ee73' -> (Import Result ID: 'f703972abcd8febed3f7f9df75e5b803') in 0.000 seconds [static dependencies only]. Details - ImportResultOutputID=02c3e07e14f3716325ca51811cb4ad59 DependenciesID=2a5f4431052ca721706216f2f8a6ee32 StaticDependenciesID=b75deedee1f8f832d07395b027bce037 
Importing 'GUID: 850c54ee0b9e1aa740b1c67792eb1f26 - Path: Packages/com.unity.modules.imageconversion' with importer (DefaultImporter)
Imported 'GUID: 850c54ee0b9e1aa740b1c67792eb1f26' -> (Import Result ID: '2973994bee36aa97d9443168268f47e9') in 0.000 seconds [static dependencies only]. Details - ImportResultOutputID=5e29084e34474b819d3f42b6f87fa2f1 DependenciesID=d080164e34df1d295815550b352c546e StaticDependenciesID=ead3b0fca67d215d683803a221eebd27 
Importing 'GUID: 95f85adeda79e994f011eb2152cf4fc9 - Path: Packages/com.unity.modules.terrainphysics' with importer (DefaultImporter)
Imported 'GUID: 95f85adeda79e994f011eb2152cf4fc9' -> (Import Result ID: '6b3d168146bf8e99412fa9e0055a7282') in 0.000 seconds [static dependencies only]. Details - ImportResultOutputID=066c7237bacce3d1fed9fa88ce895dc2 DependenciesID=e017dd36d9f1bed8083509adb3604cab StaticDependenciesID=d0d45621b6c1d9f84f4da190cee09523 
Importing 'GUID: c522a644a29fcab2eaf63298c118a65b - Path: Packages/com.unity.modules.unitywebrequest' with importer (DefaultImporter)
Imported 'GUID: c522a644a29fcab2eaf63298c118a65b' -> (Import Result ID: '6f13bdefcd37409ac301686699b63ea3') in 0.000 seconds [static dependencies only]. Details - ImportResultOutputID=bd84e5c0828c0c958fda12361a6931c4 DependenciesID=b06d11930b7a96881eb3a24d68d1c685 StaticDependenciesID=7c352e29047f83b2302c120040a82237 
Importing 'GUID: d5f0b0adc6826e9dd3b72e292e8438be - Path: Packages/com.unity.modules.unitywebrequestassetbundle' with importer (DefaultImporter)
Imported 'GUID: d5f0b0adc6826e9dd3b72e292e8438be' -> (Import Result ID: 'ccae98511501a3691a4f28c9305395d0') in 0.000 seconds [static dependencies only]. Details - ImportResultOutputID=28545450f0f8fe7184e75065d2eaebce DependenciesID=40d41d9cefabd5f5eb8b5cfd4ef24fd9 StaticDependenciesID=d6e47b92f5e066bd6d04c17b2d205096 
Importing 'GUID: 56b94a5b6990c879bb0f057719d1064b - Path: Packages/com.unity.modules.subsystems' with importer (DefaultImporter)
Imported 'GUID: 56b94a5b6990c879bb0f057719d1064b' -> (Import Result ID: '529ebfa03ce4541f897f33e6f5074f1d') in 0.000 seconds [static dependencies only]. Details - ImportResultOutputID=0e619aa1d83b61217ae2e97dfc45d4e9 DependenciesID=925e5732c1c98f399754db5bb23eb76d StaticDependenciesID=6c3bc4fc02fdaa9feb3eece9fe8a9cec 
Importing 'GUID: d6c6a000a805f00649b36b542e8426c2 - Path: Packages/com.unity.modules.unityanalytics' with importer (DefaultImporter)
Imported 'GUID: d6c6a000a805f00649b36b542e8426c2' -> (Import Result ID: '1c0e803e42edb58e775fdf8c1ada7c9a') in 0.000 seconds [static dependencies only]. Details - ImportResultOutputID=bf660bcbf114683b66648691531e6d07 DependenciesID=89197de4bd5cc31d5c7bae3fe24cbcde StaticDependenciesID=3a4a7534c9788a0496ca97804124d881 
Importing 'GUID: d6db7caf2e852b75ebb9c6098418179c - Path: Packages/com.unity.modules.physics' with importer (DefaultImporter)
Imported 'GUID: d6db7caf2e852b75ebb9c6098418179c' -> (Import Result ID: '17efe42b4d253215f7ce1c4062aa0c38') in 0.000 seconds [static dependencies only]. Details - ImportResultOutputID=ca9e398e0fe23d8852b03b4ef733b883 DependenciesID=e2c39f0a5de8ad2594cb338b7658e6b8 StaticDependenciesID=c62fb84fdcd1e94d00277c1c40c3739f 
Importing 'GUID: 376c84ea405e0f2b80562c23bb977216 - Path: Packages/com.unity.modules.physics2d' with importer (DefaultImporter)
Imported 'GUID: 376c84ea405e0f2b80562c23bb977216' -> (Import Result ID: 'e16f02c29d3dea367ecb900153c73915') in 0.000 seconds [static dependencies only]. Details - ImportResultOutputID=3c523e0fa92287aeca10533038c4ad8c DependenciesID=6bb4f8083248eac4b0dc6f99b652bbce StaticDependenciesID=f9ac984a12928ed37980ddae896e5092 
Importing 'GUID: b77b1ad9c05af0412725856c6c53b037 - Path: Packages/com.unity.modules.wind' with importer (DefaultImporter)
Imported 'GUID: b77b1ad9c05af0412725856c6c53b037' -> (Import Result ID: '694b941601afae996ece1a250d52d92b') in 0.000 seconds [static dependencies only]. Details - ImportResultOutputID=20914c3eb4d4a40f977811ac372be123 DependenciesID=d21b8e17cfb8e89fe6ce6b17ce9c8244 StaticDependenciesID=46ac7d1af46c22898a1232f313b934ef 
Importing 'GUID: 2808ba6bccb2478ec9c7209d8bf1f3cc - Path: Packages/com.unity.modules.uielements' with importer (DefaultImporter)
Imported 'GUID: 2808ba6bccb2478ec9c7209d8bf1f3cc' -> (Import Result ID: '5e5dfe08c6a00c900cfe4fcfce3b78a1') in 0.000 seconds [static dependencies only]. Details - ImportResultOutputID=43ac9c1bd0c2e88ddb17cc3ac3d457f4 DependenciesID=6331dea1aa9bb31237c64de3af52db43 StaticDependenciesID=59202ada8d9ed2d8790f39d1af247fa9 
Importing 'GUID: 38e3a8976f0b9c586b6dfbcef4e4066c - Path: Packages/com.unity.modules.unitywebrequestaudio' with importer (DefaultImporter)
Imported 'GUID: 38e3a8976f0b9c586b6dfbcef4e4066c' -> (Import Result ID: 'c54f3cdcd0a0a53c728a8f6a4bf8e805') in 0.000 seconds [static dependencies only]. Details - ImportResultOutputID=fa5586dfb87647a6c685707600b86782 DependenciesID=d3b8e77c9c0813b337d35585e0cd8dac StaticDependenciesID=48a2720e21e8eb8eca255939c5f3eb1d 
Importing 'GUID: 48b10b41f58d5b49717f376cda59eeb8 - Path: Packages/com.unity.modules.particlesystem' with importer (DefaultImporter)
Imported 'GUID: 48b10b41f58d5b49717f376cda59eeb8' -> (Import Result ID: '2ca99f43dcc60f64cbde6b09dd836276') in 0.000 seconds [static dependencies only]. Details - ImportResultOutputID=bbc465d3d6faacd80c5d2d6b9e298635 DependenciesID=c5895581a6d08af4451e2d20e825f0d5 StaticDependenciesID=81558f2015053653d61c0994543e82b3 
Importing 'GUID: 783ee1c8fd4414848db1be97aacf44fb - Path: Packages/com.unity.modules.accessibility' with importer (DefaultImporter)
Imported 'GUID: 783ee1c8fd4414848db1be97aacf44fb' -> (Import Result ID: '22792940adc4c731e445dc78eb9fe3fd') in 0.000 seconds [static dependencies only]. Details - ImportResultOutputID=9ceb99a21b9f1e61183206a57a741925 DependenciesID=c59f06feebd4b2d44b2d489c588f040a StaticDependenciesID=0c3b582cc644fab2b6544ebc50675bbc 
Importing 'GUID: 09e28640d754a611467eebfb261ed749 - Path: Packages/com.unity.modules.tilemap' with importer (DefaultImporter)
Imported 'GUID: 09e28640d754a611467eebfb261ed749' -> (Import Result ID: '56df1fb7932ed758e22709161024465f') in 0.000 seconds [static dependencies only]. Details - ImportResultOutputID=84462fd97657c416dad9f0a01ba73192 DependenciesID=09aca3cc367571eb90d49da11da39372 StaticDependenciesID=f2c3c73202e22cf06daeb9dd58ae6eae 
Importing 'GUID: 39728903e57c60021f80449a8bbc0096 - Path: Packages/com.unity.modules.ui' with importer (DefaultImporter)
Imported 'GUID: 39728903e57c60021f80449a8bbc0096' -> (Import Result ID: 'aafd74a4e55e642d1ea0f795f6444b28') in 0.000 seconds [static dependencies only]. Details - ImportResultOutputID=d7a4a57fb3c24edd8687328a72cff587 DependenciesID=5ad4483b2dacaca3bc3cdbfd4283033a StaticDependenciesID=6f9d30d0da8c720154437b2dbfc538a9 
Importing 'GUID: 995c08a3305ff9f0dab5e86f340bd9a7 - Path: Packages/com.unity.modules.androidjni' with importer (DefaultImporter)
Imported 'GUID: 995c08a3305ff9f0dab5e86f340bd9a7' -> (Import Result ID: '701f2d40c085a88e5be25bb90837fc1e') in 0.000 seconds [static dependencies only]. Details - ImportResultOutputID=30c3e7dc197ceabd471c943bc8eba608 DependenciesID=425c20ce60374642a724cdff7fd24253 StaticDependenciesID=ad97d0fc3477242b18c560757f4d1e58 
Importing 'GUID: b975297a992381c1f3257d0e96892c8a - Path: Packages/com.unity.modules.adaptiveperformance' with importer (DefaultImporter)
Imported 'GUID: b975297a992381c1f3257d0e96892c8a' -> (Import Result ID: 'a2e6bef6ef548c7d281ffe438d4bf9e6') in 0.000 seconds [static dependencies only]. Details - ImportResultOutputID=7f7b3e23eb4697a89925ff793958e5e5 DependenciesID=704994437ad72b75b63f683e3e2c8b77 StaticDependenciesID=7c76e8507c36e23af3851bdc0b54b4ca 
Importing 'GUID: e9a46d0940097b5c2c483622a7effc59 - Path: Packages/com.unity.multiplayer.center' with importer (DefaultImporter)
Imported 'GUID: e9a46d0940097b5c2c483622a7effc59' -> (Import Result ID: 'f7ec3aed5a8d9d5c70e3654fc2a88a73') in 0.000 seconds [static dependencies only]. Details - ImportResultOutputID=f3046c93bbe9d773216fbea661ffa254 DependenciesID=54b960739866031de6bdfbe96a52d173 StaticDependenciesID=b2e1c9948d369bc0141389d8e41ae6ea 
Importing 'GUID: 6b81377a4453ba7362eb3322f9bcc6c6 - Path: Packages/com.unity.modules.hierarchycore' with importer (DefaultImporter)
Imported 'GUID: 6b81377a4453ba7362eb3322f9bcc6c6' -> (Import Result ID: 'd64e3c92d05cb8ab57cf9c34e8c0ee27') in 0.000 seconds [static dependencies only]. Details - ImportResultOutputID=75a6fa83ac96f5339da373cd4f5c6e37 DependenciesID=6193b8beab5ea5a327f9266eedb6d024 StaticDependenciesID=ffdda4d53d222e5716e68e647a732ae5 
Importing 'GUID: 1cf2469083ffa484da4d78dd70d708e8 - Path: Packages/com.unity.modules.vehicles' with importer (DefaultImporter)
Imported 'GUID: 1cf2469083ffa484da4d78dd70d708e8' -> (Import Result ID: '2e9fd9e9a5feffab1804123071ae561d') in 0.000 seconds [static dependencies only]. Details - ImportResultOutputID=62c710cd8c5682c589eec3677adcbda2 DependenciesID=e94622adfb7f30fcccb41278fb8cae22 StaticDependenciesID=1bd9500d6d7a6d96ac8ece40c813da97 
Importing 'GUID: 9c7c268fa6492449654839df69f2a2f4 - Path: Packages/com.unity.modules.umbra' with importer (DefaultImporter)
Imported 'GUID: 9c7c268fa6492449654839df69f2a2f4' -> (Import Result ID: 'c7c253ce33f96826bbf020e0df6ad6fb') in 0.000 seconds [static dependencies only]. Details - ImportResultOutputID=bf70ea01e70089eaf818b9fb19bb1807 DependenciesID=c796db5b8e8e1a9c947b5787f1a433df StaticDependenciesID=4ba5eab75bdc6e2df485b4ad7729e499 
Importing 'GUID: dcc8c6e92b172a65719af5ddf47dd968 - Path: Packages/com.unity.modules.unitywebrequestwww' with importer (DefaultImporter)
Imported 'GUID: dcc8c6e92b172a65719af5ddf47dd968' -> (Import Result ID: 'a3ca17c250abe56342bc7797897bf6a5') in 0.000 seconds [static dependencies only]. Details - ImportResultOutputID=1475fc509da6d933479c8ee5d6c4eeff DependenciesID=1ec5b0b7427f7eeba4f1c41dd9bc4cfe StaticDependenciesID=00265576cf1e789283eaa13f6ba70983 
Importing 'GUID: fc3a810351931f5e6183e16b9beb5563 - Path: Packages/com.unity.modules.jsonserialize' with importer (DefaultImporter)
Imported 'GUID: fc3a810351931f5e6183e16b9beb5563' -> (Import Result ID: 'f04351d90ee6b1c15aa201371d89b674') in 0.000 seconds [static dependencies only]. Details - ImportResultOutputID=65186f4186bf0f33d3946d1d6d75958c DependenciesID=fbc4bd1e3869dc653079edeac718e537 StaticDependenciesID=c1a4d4946c0840cd0516fcb984a36b78 
Importing 'GUID: 2d142b475fbfb8cf12ba3a795194300a - Path: Packages/com.unity.modules.director' with importer (DefaultImporter)
Imported 'GUID: 2d142b475fbfb8cf12ba3a795194300a' -> (Import Result ID: 'f82206d58857516a2f7d10df0de25ca9') in 0.000 seconds [static dependencies only]. Details - ImportResultOutputID=ba08ff1508e195419df3d8b0ff8d3bd4 DependenciesID=cb7a2942f5dee664122b699c70fb1a1e StaticDependenciesID=e5174e6782a309cc2e662ba686aba5d3 
Importing 'GUID: 2d6ba5cbe47e6ad3c87474c56174d4e0 - Path: Packages/com.unity.modules.audio' with importer (DefaultImporter)
Imported 'GUID: 2d6ba5cbe47e6ad3c87474c56174d4e0' -> (Import Result ID: '3234866a3fa377a9f9a0ce8dd981be90') in 0.000 seconds [static dependencies only]. Details - ImportResultOutputID=8643a11ddcb415e1ae77356bdcd0e31f DependenciesID=3297e30e726f0a1e5ba9c81d00653637 StaticDependenciesID=0c545176e25f7b531d70d9899c8b8ef9 
Importing 'GUID: ede0462698a4a5643aa9872c074acd38 - Path: Packages/com.unity.modules.video' with importer (DefaultImporter)
Imported 'GUID: ede0462698a4a5643aa9872c074acd38' -> (Import Result ID: '4a9e59f79bcbaddc73d6ed9b1cb022ad') in 0.000 seconds [static dependencies only]. Details - ImportResultOutputID=f060305cf9a7601b6327f110dec53cf0 DependenciesID=2eb252c728b0513f8a06cb80138758c9 StaticDependenciesID=9adc8e4bff2d24a6cd335db28a76c689 
Importing 'GUID: fd871a8be47119612f7c254e96a822b7 - Path: Packages/com.unity.modules.ai' with importer (DefaultImporter)
Imported 'GUID: fd871a8be47119612f7c254e96a822b7' -> (Import Result ID: '9a8589b3beb3a049c84630a73f6ad835') in 0.000 seconds [static dependencies only]. Details - ImportResultOutputID=0bf4624736b8f9ba8d25427695ddd8c6 DependenciesID=00785bf0aee44637bb0bb65f025524ad StaticDependenciesID=025eb2cbf874ac313592e4ff09b996f2 
Importing 'GUID: 5e22a8d6e557a1b3cae09054b0b5f9d8 - Path: Packages/com.unity.modules.physicscore2d' with importer (DefaultImporter)
Imported 'GUID: 5e22a8d6e557a1b3cae09054b0b5f9d8' -> (Import Result ID: 'e0e8f312b2fe13782c9caa272b2c9c39') in 0.000 seconds [static dependencies only]. Details - ImportResultOutputID=8aeec98806d48c587b06189bc919a668 DependenciesID=32fd957f9eeccda095201a26672be198 StaticDependenciesID=7ff60e0e23b48986f2028c36c5321a4f 
Importing 'GUID: 6e1c8b97ec8aa0464e92506ffe099558 - Path: Packages/com.unity.modules.terrain' with importer (DefaultImporter)
Imported 'GUID: 6e1c8b97ec8aa0464e92506ffe099558' -> (Import Result ID: 'e2b6838e2ec31f4ed09302d8afc94b5d') in 0.000 seconds [static dependencies only]. Details - ImportResultOutputID=81f0943dd12638364c9481b7c44326f7 DependenciesID=86c234645905e553a0c1d2c0171e06cb StaticDependenciesID=dfd1b763e9befbb4d593a41aecf32557 
Importing 'GUID: 6f1c7ebc8ac78cb951be24c238cbd3ba - Path: Packages/com.unity.modules.unitywebrequesttexture' with importer (DefaultImporter)
Imported 'GUID: 6f1c7ebc8ac78cb951be24c238cbd3ba' -> (Import Result ID: 'dc5a6902bac92eaeb7da79a7ee7c0445') in 0.000 seconds [static dependencies only]. Details - ImportResultOutputID=f756e1201c1cee903471ba41f17534ce DependenciesID=9c3425c6cf7e4c1387cd8661023d2522 StaticDependenciesID=baf7643e8208e171f7d2f4245768752b 
Importing 'GUID: 72aad6ae0dafb492cbf852432441bb38 - Path: Packages/com.unity.multiplayer.center/Editor' with importer (DefaultImporter)
Imported 'GUID: 72aad6ae0dafb492cbf852432441bb38' -> (Import Result ID: 'd544db8e635d7b45b55c750ef4a1709d') in 0.000 seconds [static dependencies only]. Details - ImportResultOutputID=fd813adfe6f53e0e5a3fd1bde50dd9b3 DependenciesID=bda332fa8d13046d94ce23fbe4e373fe StaticDependenciesID=2e5ad470682bc241fa1aea1ca4f583a5 
Importing 'GUID: f247964bd405431fbd31840f97bef608 - Path: Packages/com.unity.multiplayer.center/Common' with importer (DefaultImporter)
Imported 'GUID: f247964bd405431fbd31840f97bef608' -> (Import Result ID: '109c822527fb283013d9061a8493a91d') in 0.000 seconds [static dependencies only]. Details - ImportResultOutputID=758923f3b917a744e934a49667168e4f DependenciesID=bd38b39f570e1522dd16e75ac8e0cc4e StaticDependenciesID=ffea94c4ea4c461cb0813b37eb337d4c 
Importing 'GUID: baf75c9d3de4941df9ee5f3dd1d3bc34 - Path: Packages/com.unity.multiplayer.center/Tests' with importer (DefaultImporter)
Imported 'GUID: baf75c9d3de4941df9ee5f3dd1d3bc34' -> (Import Result ID: 'a4508947fb65bf2a108807c970601f09') in 0.000 seconds [static dependencies only]. Details - ImportResultOutputID=472be40ede228cb93594a902416e88d6 DependenciesID=bccfaf786bfd27efe69476880f4fff0a StaticDependenciesID=a53a72b999cd3da2d73e422a72b6bc28 
Importing 'GUID: 21f32d2f4add49b3b11fadb6889a2156 - Path: Packages/com.unity.multiplayer.center/Editor/Analytics' with importer (DefaultImporter)
Imported 'GUID: 21f32d2f4add49b3b11fadb6889a2156' -> (Import Result ID: 'a77d95b141ede6a5414a9e2eddbadace') in 0.000 seconds [static dependencies only]. Details - ImportResultOutputID=7627045f4445b3bccda132ac184a65c4 DependenciesID=b914b512b239e5cc4658c8f67a171ad6 StaticDependenciesID=91df97da6beb6f55a84b3dae8cae5ffd 
Importing 'GUID: 22d3dbf8d488d49d2b1130d698010dee - Path: Packages/com.unity.multiplayer.center/Editor/Features' with importer (DefaultImporter)
Imported 'GUID: 22d3dbf8d488d49d2b1130d698010dee' -> (Import Result ID: '8f2a6acf8bd149afa0ff4a220df80e81') in 0.000 seconds [static dependencies only]. Details - ImportResultOutputID=fb074caa7d2abd29e270db3a9b71e3a9 DependenciesID=ba5e61c294467286e03f6ea9a7246714 StaticDependenciesID=c18103a73fe9079eeb1f700f43a6d5b2 
Importing 'GUID: 96c71b811fa50403690b154e216fe217 - Path: Packages/com.unity.multiplayer.center/Tests/Editor' with importer (DefaultImporter)
Imported 'GUID: 96c71b811fa50403690b154e216fe217' -> (Import Result ID: '14ac7904047ddd2cfbfdf1651649cfdf') in 0.000 seconds [static dependencies only]. Details - ImportResultOutputID=c9c8f2de7834bb2ffb0da4bb4f2955fa DependenciesID=6bcb6dd62fb9a72a8f4df030dfea25dc StaticDependenciesID=b03f0c3af7ff39d2dea96f113c952c6d 
Importing 'GUID: 1726448925bf4bd1af6ca883bae8ff3f - Path: Packages/com.unity.multiplayer.center/Editor/OnBoarding' with importer (DefaultImporter)
Imported 'GUID: 1726448925bf4bd1af6ca883bae8ff3f' -> (Import Result ID: '18163f018dea809ea51f345717b65aa2') in 0.000 seconds [static dependencies only]. Details - ImportResultOutputID=14950a62abf6548e54801ab788e1f49c DependenciesID=d0590ceb4857f99b30a1f301ee701372 StaticDependenciesID=e3d00d36fdf0be4c57a0e78a8650ae47 
Importing 'GUID: 97646f506bf040e9bd4568124c8b425e - Path: Packages/com.unity.multiplayer.center/Editor/Recommendations' with importer (DefaultImporter)
Imported 'GUID: 97646f506bf040e9bd4568124c8b425e' -> (Import Result ID: 'cc248bd01438e442e9b8f5146f177bb0') in 0.000 seconds [static dependencies only]. Details - ImportResultOutputID=56d8246ba8918c014e8884d34d60ce31 DependenciesID=92925428a0398750964272fed67fd056 StaticDependenciesID=c9e57a3d54cd35ff5ecb38a752f6c0ce 
Importing 'GUID: a7f089ed51c2345ffb7ac0bc3562453f - Path: Packages/com.unity.multiplayer.center/Editor/Questionnaire' with importer (DefaultImporter)
Imported 'GUID: a7f089ed51c2345ffb7ac0bc3562453f' -> (Import Result ID: '0b1a1139265754ccc16fbd866ddae770') in 0.000 seconds [static dependencies only]. Details - ImportResultOutputID=961ee9ffe5dc2d5b9b5d9f6c51e99710 DependenciesID=4a5feade6cc74bd66ea11eaf1bfd50a8 StaticDependenciesID=8758ac2ff21b659dacf635dafd267164 
Importing 'GUID: 7a7dcde6448847648629a13d746ce966 - Path: Packages/com.unity.multiplayer.center/Editor/MultiplayerCenterWindow' with importer (DefaultImporter)
Imported 'GUID: 7a7dcde6448847648629a13d746ce966' -> (Import Result ID: '98d6fd46b98428ec34e67aaadecfbc6c') in 0.000 seconds [static dependencies only]. Details - ImportResultOutputID=f055dd0afc5a900e3f0e5d75be0487c5 DependenciesID=814fecef7b81af7f651ae388265aa55d StaticDependenciesID=28cd004e7ab0081fe5892fea98e65fbf 
Importing 'GUID: 8e4d240cf158245a9945c4df01d83bc1 - Path: Packages/com.unity.multiplayer.center/Tests/Runtime' with importer (DefaultImporter)
Imported 'GUID: 8e4d240cf158245a9945c4df01d83bc1' -> (Import Result ID: 'c26908bd6f3348bd96d3a1aa86f92e90') in 0.000 seconds [static dependencies only]. Details - ImportResultOutputID=8d471bf8668065aa423a9a6138166117 DependenciesID=57ae9c80888174121ff54d12b032787b StaticDependenciesID=9754452aef8d924eb569d1ea3f5a9074 
Importing 'GUID: 9bd34ec3fe8f4aed936c3a0cf2f32e56 - Path: Packages/com.unity.multiplayer.center/Editor/MultiplayerCenterWindow/UI' with importer (DefaultImporter)
Imported 'GUID: 9bd34ec3fe8f4aed936c3a0cf2f32e56' -> (Import Result ID: '12802fda37706c0e2a26dfd050555474') in 0.000 seconds [static dependencies only]. Details - ImportResultOutputID=ccc1a09d4a030f52c953d2f3937aac55 DependenciesID=edd3d46d24ac0b48686a6331d44ba3ed StaticDependenciesID=118c9915218bd0cdd9cea484a34a1c77 
Importing 'GUID: 34a09eb4d6e8d44989194a25525c5147 - Path: Packages/com.unity.multiplayer.center/Editor/MultiplayerCenterWindow/UI/Icons' with importer (DefaultImporter)
Imported 'GUID: 34a09eb4d6e8d44989194a25525c5147' -> (Import Result ID: '4497b0f944c6387a72be21d4dbdd613c') in 0.000 seconds [static dependencies only]. Details - ImportResultOutputID=09fc5dce3344b58f3587b00bf4b13d7d DependenciesID=27cb1beb948d38490010ecdc74c4f083 StaticDependenciesID=b54ef10dcdbf9713e68405bc9a24b45a 
Importing 'GUID: eab7f42d361b483aaa760c5909002312 - Path: Packages/com.unity.multiplayer.center/Editor/MultiplayerCenterWindow/UI/RecommendationView' with importer (DefaultImporter)
Imported 'GUID: eab7f42d361b483aaa760c5909002312' -> (Import Result ID: '0085aaed1f64d854252dc470bde24ca5') in 0.000 seconds [static dependencies only]. Details - ImportResultOutputID=378cb1e8c5b18b814304dca778da9b61 DependenciesID=f43d09e2a49a84ffca6b90eb1526d3a1 StaticDependenciesID=5f479f26982f2640c26d8560c7c132a1 
Importing 'GUID: 84abd2ab34a74600a33a3bb9d72859fe - Path: Packages/com.unity.multiplayer.center/Common/Unity.Multiplayer.Center.Common.asmdef' with importer (AssemblyDefinitionImporter)
Imported 'GUID: 84abd2ab34a74600a33a3bb9d72859fe' -> (Import Result ID: 'f89618a79a93a73a49d308209c4c25b9') in 0.001 seconds [static dependencies only]. Details - ImportResultOutputID=ac464dd06d5a61d0a978410378529929 DependenciesID=af696ac2b963465e752aa7759edd3606 StaticDependenciesID=c8e2c5d4ebab5c3329cf298460da67c5 
Importing 'GUID: 2664430aff4254d79887d32c3fc1e221 - Path: Packages/com.unity.multiplayer.center/Tests/Runtime/Unity.Multiplayer.Center.Tests.asmdef' with importer (AssemblyDefinitionImporter)
Imported 'GUID: 2664430aff4254d79887d32c3fc1e221' -> (Import Result ID: 'a11eedb1d3b3e4096fe2710093e7cf88') in 0.000 seconds [static dependencies only]. Details - ImportResultOutputID=95a86e32d35475cb5d001317bedd07f9 DependenciesID=de1ba7a375ac689391697901c16b4616 StaticDependenciesID=9befd1f6202b62f76859bc688011f0f8 
Importing 'GUID: 787ec048daec145b580d1134da5dd278 - Path: Packages/com.unity.multiplayer.center/Tests/Editor/Unity.Multiplayer.Center.Editor.Tests.asmdef' with importer (AssemblyDefinitionImporter)
Imported 'GUID: 787ec048daec145b580d1134da5dd278' -> (Import Result ID: 'bbe717dc8d533b7470f24301b5cc9c42') in 0.000 seconds [static dependencies only]. Details - ImportResultOutputID=5633ff3ec6bb0acbf28d7a77a2b8f7bf DependenciesID=bc5d900284f0df0231a3b606e0193b1d StaticDependenciesID=4255616505a6c5bd1c7ac30b4332d8b4 
Importing 'GUID: be17709716f1648caa5de6d0c38103ed - Path: Packages/com.unity.multiplayer.center/Editor/Unity.Multiplayer.Center.Editor.asmdef' with importer (AssemblyDefinitionImporter)
Imported 'GUID: be17709716f1648caa5de6d0c38103ed' -> (Import Result ID: '0948e38ad23ca75da83bd15011262fd8') in 0.000 seconds [static dependencies only]. Details - ImportResultOutputID=10fe3792e6d1c78b2e7ea8dd1292fc3b DependenciesID=539fe8f05cbb283f3d3ab470ef0bef6d StaticDependenciesID=85f90e9d9ed2135368d3728f28639b9e 
Importing 'GUID: 51fa60bb2bd1e5bc74e8cc95a7bfd5b7 - Path: Packages/com.unity.modules.ui/package.ModuleCompilationTrigger' with importer (DefaultImporter)
Imported 'GUID: 51fa60bb2bd1e5bc74e8cc95a7bfd5b7' -> (Import Result ID: 'be512cbaf64ea92a8c61a9860d5593e0') in 0.351 seconds [static dependencies only]. Details - ImportResultOutputID=97b097896283fafd162f5103b6da9350 DependenciesID=e379836f04c341386ee5af5817637ee4 StaticDependenciesID=c2aff6c152a6da981347289118cef558 
Importing 'GUID: 71136fc5cf34f2cc10be0e33c0b08019 - Path: Packages/com.unity.modules.unityanalytics/package.ModuleCompilationTrigger' with importer (DefaultImporter)
Imported 'GUID: 71136fc5cf34f2cc10be0e33c0b08019' -> (Import Result ID: '4f553d0c7846bb8488f1e47c7cc378ed') in 0.001 seconds [static dependencies only]. Details - ImportResultOutputID=aad00463857b0f3e239972e5a10e3f79 DependenciesID=6ac68746640fd51569a9c6747167e4b7 StaticDependenciesID=0a465c3a9c3618e9383ffbc63a09a41f 
Importing 'GUID: a1c42005fe7c5d78585a77ce396a5eea - Path: Packages/com.unity.modules.tilemap/package.ModuleCompilationTrigger' with importer (DefaultImporter)
Imported 'GUID: a1c42005fe7c5d78585a77ce396a5eea' -> (Import Result ID: '2f3b857d1b663667ca17da0ecdb9c8a1') in 0.000 seconds [static dependencies only]. Details - ImportResultOutputID=7c7d529048f5d74f6d499dae097a185f DependenciesID=b23b0d0112b94f64697303ce5948ec1a StaticDependenciesID=767d5c519e1f9c2aac9148aeb04fb657 
Importing 'GUID: d104359075a97392b803d3d5aebc77f7 - Path: Packages/com.unity.modules.hierarchycore/package.ModuleCompilationTrigger' with importer (DefaultImporter)
Imported 'GUID: d104359075a97392b803d3d5aebc77f7' -> (Import Result ID: '1104453536185676bc1678445bc2e5c2') in 0.000 seconds [static dependencies only]. Details - ImportResultOutputID=8ec3343e917ef007d455acfe45d3ee72 DependenciesID=11cd1d869703a14821f66523d31d6e31 StaticDependenciesID=9506762e0ca75dd852ab6d602f96658b 
Importing 'GUID: 222fc39b0c85d800342910da2cd64781 - Path: Packages/com.unity.modules.assetbundle/package.ModuleCompilationTrigger' with importer (DefaultImporter)
Imported 'GUID: 222fc39b0c85d800342910da2cd64781' -> (Import Result ID: 'dd36a5e01c8079a36a8e076f32ac9a85') in 0.000 seconds [static dependencies only]. Details - ImportResultOutputID=a4749f3da6b6adf8eaabf6e5477b2b7c DependenciesID=e7aef5b454539e843aea21afca7a9562 StaticDependenciesID=bf0185bce9c4f64f5de1111522b962c3 
Importing 'GUID: d2ec2d1228c8e67cdd913cb5609176a2 - Path: Packages/com.unity.modules.unitywebrequest/package.ModuleCompilationTrigger' with importer (DefaultImporter)
Imported 'GUID: d2ec2d1228c8e67cdd913cb5609176a2' -> (Import Result ID: 'cbae085591e1311e0426e2d013a8e2fc') in 0.000 seconds [static dependencies only]. Details - ImportResultOutputID=37747859ed12efda2a92d3d840e79b06 DependenciesID=91663d755e88c5ca08eaa9b698d477e1 StaticDependenciesID=f00cc25d0cb3d54a323605ed0b875d57 
Importing 'GUID: e2d09a26ce46dc617b54e49a534ace20 - Path: Packages/com.unity.modules.ai/package.ModuleCompilationTrigger' with importer (DefaultImporter)
Imported 'GUID: e2d09a26ce46dc617b54e49a534ace20' -> (Import Result ID: '5eb05f86d588fcb4411bf5d4cdb8633c') in 0.000 seconds [static dependencies only]. Details - ImportResultOutputID=01c973ad27769bdd61dcc3de2d8629ac DependenciesID=adc271351f3fc2b40d78b63d80ce5298 StaticDependenciesID=928a9e6f7cd68cf5304459597cf575cb 
Importing 'GUID: 23032f4383e95e772bce465c5896d0fd - Path: Packages/com.unity.modules.terrain/package.ModuleCompilationTrigger' with importer (DefaultImporter)
Imported 'GUID: 23032f4383e95e772bce465c5896d0fd' -> (Import Result ID: '14aae7ef45df2c6f8212b61023a52b4d') in 0.000 seconds [static dependencies only]. Details - ImportResultOutputID=43caf76539e87b0b5e506fce22b32e8c DependenciesID=f8228da4343e8fb110c89248206a7802 StaticDependenciesID=76c4c61aef8242e7484164b19d474b05 
Importing 'GUID: 830a36a23cf3ab1e61fa47940a6dc35e - Path: Packages/com.unity.modules.imageconversion/package.ModuleCompilationTrigger' with importer (DefaultImporter)
Imported 'GUID: 830a36a23cf3ab1e61fa47940a6dc35e' -> (Import Result ID: 'a49f3e2b08ded35f46967b1fd01ec880') in 0.000 seconds [static dependencies only]. Details - ImportResultOutputID=1312c79305670b6aa3bce9ff3efd03b9 DependenciesID=0d87bfc0d9d3dcf3dbb4416dbe071d2e StaticDependenciesID=56f9209b404ef1062f2d5b5c6a7566ff 
Importing 'GUID: a31a332ce3485f00f7df8d987302a29c - Path: Packages/com.unity.modules.unitywebrequesttexture/package.ModuleCompilationTrigger' with importer (DefaultImporter)
Imported 'GUID: a31a332ce3485f00f7df8d987302a29c' -> (Import Result ID: 'fc94c7b147a6b5694eda1349b0d7aabd') in 0.000 seconds [static dependencies only]. Details - ImportResultOutputID=54d1731c77f760b5355a2b1bfa92527b DependenciesID=5571910980b4cae5029e5ab40e2bcd2d StaticDependenciesID=6e49c3a187320488020f3989f8d20238 
Importing 'GUID: 042dc296246916648e55a43d0eeb2036 - Path: Packages/com.unity.modules.audio/package.ModuleCompilationTrigger' with importer (DefaultImporter)
Imported 'GUID: 042dc296246916648e55a43d0eeb2036' -> (Import Result ID: 'c4a0e5bbce453acc33a8bf9c7f8fd969') in 0.000 seconds [static dependencies only]. Details - ImportResultOutputID=ab0921e937c1d9c2d7fbdebe7091d6c2 DependenciesID=2fbfc3637758b4b1afbb879176065fd9 StaticDependenciesID=efa0e9a04fa05cb3d50f46a551bc8be8 
Importing 'GUID: 14e86f88e9a8c9c448d7e7df92f2aeec - Path: Packages/com.unity.modules.physicscore2d/package.ModuleCompilationTrigger' with importer (DefaultImporter)
Imported 'GUID: 14e86f88e9a8c9c448d7e7df92f2aeec' -> (Import Result ID: '286d0aaeea317716b6b387abae91239e') in 0.000 seconds [static dependencies only]. Details - ImportResultOutputID=94d25b776bc28f679880cb17bd31ec6c DependenciesID=1e2365107784a1b2d2eb507bd4923ea0 StaticDependenciesID=488aedf750fe121a67026d15356ece4f 
Importing 'GUID: 553737203d61a8109f9544a97201e1aa - Path: Packages/com.unity.modules.unitywebrequestaudio/package.ModuleCompilationTrigger' with importer (DefaultImporter)
Imported 'GUID: 553737203d61a8109f9544a97201e1aa' -> (Import Result ID: 'e6baa8215c97ef304366679935990995') in 0.000 seconds [static dependencies only]. Details - ImportResultOutputID=ab514c5cded186b91986c4c830fcf71c DependenciesID=e12ad54e4c4bfce446617e5e5004ec3d StaticDependenciesID=c4320a1c96db5a5f3ca135be31fdc3d7 
Importing 'GUID: e5c46c19ce0ce2e0103aa6f82df1043a - Path: Packages/com.unity.modules.vehicles/package.ModuleCompilationTrigger' with importer (DefaultImporter)
Imported 'GUID: e5c46c19ce0ce2e0103aa6f82df1043a' -> (Import Result ID: '4a095abfe18c178a6f1731a0aefa07f8') in 0.000 seconds [static dependencies only]. Details - ImportResultOutputID=7ed92368dde83c4f4274e94d1167c911 DependenciesID=b498a6771ad063decc4b2d9bca33701e StaticDependenciesID=90796e33c5799e26f385c4e10590db07 
Importing 'GUID: 7610600f5c83e01041a6fe849d39279f - Path: Packages/com.unity.modules.unitywebrequestassetbundle/package.ModuleCompilationTrigger' with importer (DefaultImporter)
Imported 'GUID: 7610600f5c83e01041a6fe849d39279f' -> (Import Result ID: '2ea50db261b98f391b66c8e2e2c09118') in 0.000 seconds [static dependencies only]. Details - ImportResultOutputID=8003247251fb87c113fccdf168b06d46 DependenciesID=ac0e2bdb486634d4b85bb1a604b63dc5 StaticDependenciesID=32f59c7b9032968cc025840700eddeb8 
Importing 'GUID: e6a135e3ea9cb46795d1b0e05ac3e1e5 - Path: Packages/com.unity.modules.jsonserialize/package.ModuleCompilationTrigger' with importer (DefaultImporter)
Imported 'GUID: e6a135e3ea9cb46795d1b0e05ac3e1e5' -> (Import Result ID: '1c57b55bcd4c8c6362ce51c0ebd7a821') in 0.000 seconds [static dependencies only]. Details - ImportResultOutputID=16fe18d7d4fb3289b89d1d866fdd26db DependenciesID=252a3b2725279cfc46d526136c580f21 StaticDependenciesID=0739be11007ee94595e2bc82ea98c6c4 
Importing 'GUID: f62135e79edb837b2d2ee3c524da864c - Path: Packages/com.unity.modules.video/package.ModuleCompilationTrigger' with importer (DefaultImporter)
Imported 'GUID: f62135e79edb837b2d2ee3c524da864c' -> (Import Result ID: '1872df6bc4628bb1a9ca29144f14611e') in 0.000 seconds [static dependencies only]. Details - ImportResultOutputID=f343425462c7ecc24009b61dff957b85 DependenciesID=abff74b8822e33abc9192cbad1ed91f1 StaticDependenciesID=e582a27c3a6fe23d6752fceeabe989f3 
Importing 'GUID: 17f093324b67f5bd57e55b546736750e - Path: Packages/com.unity.modules.particlesystem/package.ModuleCompilationTrigger' with importer (DefaultImporter)
Imported 'GUID: 17f093324b67f5bd57e55b546736750e' -> (Import Result ID: '6ff179a8a8c272aadee9696a75f4aebd') in 0.000 seconds [static dependencies only]. Details - ImportResultOutputID=0355b1352b2efc29f8c3d4c7ae63c7f1 DependenciesID=b614594b4860a97264debb13b5bea861 StaticDependenciesID=06ca6bb0312a01a92b0f116ae2bb5399 
Importing 'GUID: 4745d06d5a7ca576dcf9e5e67b417652 - Path: Packages/com.unity.modules.accessibility/package.ModuleCompilationTrigger' with importer (DefaultImporter)
Imported 'GUID: 4745d06d5a7ca576dcf9e5e67b417652' -> (Import Result ID: 'ed114151f06ade2551c6ef7d7e6b24b4') in 0.000 seconds [static dependencies only]. Details - ImportResultOutputID=532470ed0227c311b25c8c9e8ba79400 DependenciesID=59b38450ae3fc42412aae87c518b138e StaticDependenciesID=ba6a0791359df9525e03c096d26794d0 
Importing 'GUID: c7a8b0317f4e68556d7509828e9e211e - Path: Packages/com.unity.modules.xr/package.ModuleCompilationTrigger' with importer (DefaultImporter)
Imported 'GUID: c7a8b0317f4e68556d7509828e9e211e' -> (Import Result ID: '18c4edf952690bd95819244c11174a4d') in 0.000 seconds [static dependencies only]. Details - ImportResultOutputID=ae1b559a8646648d57c418658f22c1c3 DependenciesID=4e3e720b9d999aafecadb0f17c83e4a6 StaticDependenciesID=d031c78d05fe025f26315ce7900c9528 
Importing 'GUID: 082fbee38a82835433261a5e9c00e267 - Path: Packages/com.unity.modules.cloth/package.ModuleCompilationTrigger' with importer (DefaultImporter)
Imported 'GUID: 082fbee38a82835433261a5e9c00e267' -> (Import Result ID: 'bf1434c66533fc5ed20a95906c66351f') in 0.000 seconds [static dependencies only]. Details - ImportResultOutputID=4484322f1fd307127a580e9b17cedb30 DependenciesID=8ccefc550c79be7e16adf9d77ba5ddac StaticDependenciesID=6d0aacacd4e61cc36d0d9a05bdb20f7a 
Importing 'GUID: c82e859b16636ddd2ca4a1f63fd34938 - Path: Packages/com.unity.modules.androidjni/package.ModuleCompilationTrigger' with importer (DefaultImporter)
Imported 'GUID: c82e859b16636ddd2ca4a1f63fd34938' -> (Import Result ID: '96146a3272911c0c26faaa2f409eda38') in 0.000 seconds [static dependencies only]. Details - ImportResultOutputID=6a7f1eafcdb81a627586a74a505019b9 DependenciesID=52a090cc866c15018523ed746bf8807c StaticDependenciesID=ed6a528eff5f65055b00bedf58455228 
Importing 'GUID: c88e90bad18cceb5d182d0c805883056 - Path: Packages/com.unity.modules.director/package.ModuleCompilationTrigger' with importer (DefaultImporter)
Imported 'GUID: c88e90bad18cceb5d182d0c805883056' -> (Import Result ID: '88b56db61470ef8e5dee2598c8965f76') in 0.000 seconds [static dependencies only]. Details - ImportResultOutputID=5d286ef98cbac13e3d0e345aac901e4f DependenciesID=9fe04e6b981ac1886c519cc8508a5f5d StaticDependenciesID=34683c221800bed4b46509fdcd989f77 
Importing 'GUID: 1af35a910338381f753e8a985eb5daab - Path: Packages/com.unity.modules.adaptiveperformance/package.ModuleCompilationTrigger' with importer (DefaultImporter)
Imported 'GUID: 1af35a910338381f753e8a985eb5daab' -> (Import Result ID: '9d77377b2ec4e5d7ef14ed96e71fd63f') in 0.000 seconds [static dependencies only]. Details - ImportResultOutputID=949634ab36822f8ff6168fc8c25e1508 DependenciesID=229478d50bbba89d789649f693e68d89 StaticDependenciesID=b397d2b2d895f0686fbfe743749e652c 
Importing 'GUID: 2adec19fac7df68adf1fd6eb83197bb1 - Path: Packages/com.unity.modules.wind/package.ModuleCompilationTrigger' with importer (DefaultImporter)
Imported 'GUID: 2adec19fac7df68adf1fd6eb83197bb1' -> (Import Result ID: 'ccb5a51e42d25834969bc58f31c78812') in 0.000 seconds [static dependencies only]. Details - ImportResultOutputID=d94addc5fcd1dcd16d8a4aeff6e7315b DependenciesID=0b0bb029c12bc475b21befd144074eaf StaticDependenciesID=23ec4a64c7d5359b2f1c01ca01b0ee26 
Importing 'GUID: 8a752aaaadd2410dd9a84e01c1bace9f - Path: Packages/com.unity.modules.uielements/package.ModuleCompilationTrigger' with importer (DefaultImporter)
Imported 'GUID: 8a752aaaadd2410dd9a84e01c1bace9f' -> (Import Result ID: '9bbe79e6be23cf294a7e85a44717cd80') in 0.000 seconds [static dependencies only]. Details - ImportResultOutputID=f40b7d6a35d44b9d0813e881de9232d1 DependenciesID=75395805abf87b79b2479c000ddf866e StaticDependenciesID=dbfa668ffe7162da8bf99b5a155dcc22 
Importing 'GUID: 1b6246f2248883964991eac9e9b4817c - Path: Packages/com.unity.modules.umbra/package.ModuleCompilationTrigger' with importer (DefaultImporter)
Imported 'GUID: 1b6246f2248883964991eac9e9b4817c' -> (Import Result ID: '1fbaaab7c048f66010e34ddc1e69da1c') in 0.000 seconds [static dependencies only]. Details - ImportResultOutputID=007489b112d859d85ac111b51d2b96fd DependenciesID=03d8b6a5c0db90643ba251d3e7cbda0c StaticDependenciesID=4e6b9455dafa283cce58ae6ee8c0336c 
Importing 'GUID: cbb1a39d56ce4d9ac1a46ac505893fa7 - Path: Packages/com.unity.modules.terrainphysics/package.ModuleCompilationTrigger' with importer (DefaultImporter)
Imported 'GUID: cbb1a39d56ce4d9ac1a46ac505893fa7' -> (Import Result ID: 'e4f8a719d295c973f444c208f033cc38') in 0.000 seconds [static dependencies only]. Details - ImportResultOutputID=62cb9b240430335886efec9a08c66b57 DependenciesID=26627dc5fd7796c54cda83e17d601b53 StaticDependenciesID=5d175a533cd45da54a77351c373ccd17 
Importing 'GUID: db8e609a39b9b231fccc54e5fa4cbd1b - Path: Packages/com.unity.modules.animation/package.ModuleCompilationTrigger' with importer (DefaultImporter)
Imported 'GUID: db8e609a39b9b231fccc54e5fa4cbd1b' -> (Import Result ID: '1f5a4eb4c1bea2765a464e96476b9256') in 0.000 seconds [static dependencies only]. Details - ImportResultOutputID=288139cac869a1d040c89eaede133db4 DependenciesID=6a55271c2f8d6d1262fc99195f90c42b StaticDependenciesID=804c219e7325b6dbb8b72b358085a67b 
Importing 'GUID: 3cc1ebf2abb7fef6871ad48f499b6e21 - Path: Packages/com.unity.modules.vectorgraphics/package.ModuleCompilationTrigger' with importer (DefaultImporter)
Imported 'GUID: 3cc1ebf2abb7fef6871ad48f499b6e21' -> (Import Result ID: 'b692cc1bf42e93a6ba38bba605214b24') in 0.000 seconds [static dependencies only]. Details - ImportResultOutputID=a4c87958b226c4f900fbf4d18311cf6f DependenciesID=289c5a2805f5f3bd17f141d224ff3676 StaticDependenciesID=bcf2ae8a18bda4671185beb022fb4c8e 
Importing 'GUID: 5c1ee4056d0ac7ad3c5a16597fcaa38a - Path: Packages/com.unity.modules.physics/package.ModuleCompilationTrigger' with importer (DefaultImporter)
Imported 'GUID: 5c1ee4056d0ac7ad3c5a16597fcaa38a' -> (Import Result ID: 'da10249b72ef1938ae2817246359febc') in 0.000 seconds [static dependencies only]. Details - ImportResultOutputID=47c1ddfb4cd3ec43bc350d5b06504d59 DependenciesID=c1fdb786cfa5b8cd2458adb570b7e483 StaticDependenciesID=def7f60ed94eb1e3bf949e7a24d98b09 
Importing 'GUID: 8d4bc6bfa28760b29f13174d6b6ea710 - Path: Packages/com.unity.modules.subsystems/package.ModuleCompilationTrigger' with importer (DefaultImporter)
Imported 'GUID: 8d4bc6bfa28760b29f13174d6b6ea710' -> (Import Result ID: '9699ec2b1869b12b46d89bf5cdd7c9c4') in 0.000 seconds [static dependencies only]. Details - ImportResultOutputID=498ca2a2c24aa041ab5e98f608209a1b DependenciesID=f6fb4a8c9451e7fc50666daaaa63fcac StaticDependenciesID=b94d73de3d2db39dc94b181f5013b60b 
Importing 'GUID: cd561f5f687aed43bf280c27a84f79e3 - Path: Packages/com.unity.modules.screencapture/package.ModuleCompilationTrigger' with importer (DefaultImporter)
Imported 'GUID: cd561f5f687aed43bf280c27a84f79e3' -> (Import Result ID: 'fe6c3609632574e772751b1a1470e3ae') in 0.000 seconds [static dependencies only]. Details - ImportResultOutputID=3eb1964e8afbff2c421e099475927610 DependenciesID=187000d91108dd5733c47a4017161fe8 StaticDependenciesID=81108190fb4b408fcb20c546a76134da 
Importing 'GUID: ae87256f29d9c8b50490f4caf75b2c41 - Path: Packages/com.unity.modules.unitywebrequestwww/package.ModuleCompilationTrigger' with importer (DefaultImporter)
Imported 'GUID: ae87256f29d9c8b50490f4caf75b2c41' -> (Import Result ID: '48deca1ca5e5806fd98cb116530c8138') in 0.000 seconds [static dependencies only]. Details - ImportResultOutputID=79dda7a6ac07c59209ba94225ee33d24 DependenciesID=79391c27a28a0c4027778dc79f8b3d56 StaticDependenciesID=7dac5f7f16a9ff2c212f9c3517f83288 
Importing 'GUID: be13c398521e3c1ad21fb9da30ab2ab6 - Path: Packages/com.unity.modules.imgui/package.ModuleCompilationTrigger' with importer (DefaultImporter)
Imported 'GUID: be13c398521e3c1ad21fb9da30ab2ab6' -> (Import Result ID: '4bfb181c21f30d7fa0736cd84007b874') in 0.000 seconds [static dependencies only]. Details - ImportResultOutputID=68bbcc9e8372c6860b60d924cb4f595c DependenciesID=4bcf2bcb999c4f466f4fa1d587744998 StaticDependenciesID=b10ae4bbcc2865380adf6542439aaca3 
Importing 'GUID: fe6a6957b37b61417b457a1e0541791d - Path: Packages/com.unity.modules.physics2d/package.ModuleCompilationTrigger' with importer (DefaultImporter)
Imported 'GUID: fe6a6957b37b61417b457a1e0541791d' -> (Import Result ID: 'a0cc2b0b2fa3e4916c65d2e9c3d41a37') in 0.000 seconds [static dependencies only]. Details - ImportResultOutputID=007ff8c01aa675f4b695ba99a36210ad DependenciesID=0b3ab5f8d1990e5a76f706e63a612bc9 StaticDependenciesID=bf5244ee0a65aa31c2655bbde014baac 
Native extension for OSXStandalone target not found
ScheduleIndexationOnStartup MainProcess:True IndexOnStartup:True
Mono: successfully reloaded assembly
- Finished resetting the current domain, in  0.315 seconds
Domain Reload Profiling: 668ms
	BeginReloadAssembly (257ms)
		DisableScriptedObjects (10ms)
		CreateAndSetChildDomain (148ms)
	RebuildCommonClasses (6ms)
	RebuildNativeTypeToScriptingClass (12ms)
	initialDomainReloadingComplete (18ms)
	LoadAllAssembliesAndSetupDomain (60ms)
		LoadAssemblies (61ms)
		AnalyzeDomain (9ms)
			TypeCache.Refresh (6ms)
	FinalizeReload (315ms)
		SetupLoadedEditorAssemblies (0ms)
			BeforeProcessingInitializeOnLoad (57ms)
			ProcessInitializeOnLoadAttributes (60ms)
			ProcessInitializeOnLoadMethodAttributes (52ms)
		AwakeInstancesAfterBackupRestoration (13ms)
Importing 'GUID: 00000000000000005000000000000000 - Path: Library/BuildPlayer.prefs' with importer (DefaultImporter)
Imported 'GUID: 00000000000000005000000000000000' -> (Import Result ID: '968deb36040bbb7258278f93cba63355') in 0.005 seconds [static dependencies only]. Details - ImportResultOutputID=1f9c19b30680da8dab47159f77a4e657 DependenciesID=08a1ec4b674aa66bb1ce753815d843ed StaticDependenciesID=d072ca1f0d6ee50a54e7e140cc588a10 
Importing 'GUID: a659150180ae3489ba41c71780ba3779 - Path: Packages/com.unity.multiplayer.center/Editor/Questionnaire/Questionnaire.questionnaire' with importer (DefaultImporter)
Imported 'GUID: a659150180ae3489ba41c71780ba3779' -> (Import Result ID: '580a350bdb2000c81a1c66bb21ce3dca') in 0.030 seconds [static dependencies only]. Details - ImportResultOutputID=d0013f3317022cee9d3e980e4260305c DependenciesID=785b553c754ad2f94817dbb8497fd5d3 StaticDependenciesID=1519a49eb17d574aabfa41609b605604 
Importing 'GUID: b66d076cdcfe3b14388de66307a0e7ff - Path: Packages/com.unity.multiplayer.center/Editor/Recommendations/RecommendationData_6000.0.recommendations' with importer (DefaultImporter)
Imported 'GUID: b66d076cdcfe3b14388de66307a0e7ff' -> (Import Result ID: '8199a959a6f41f9e9ba098e3cdd354c0') in 0.020 seconds [static dependencies only]. Details - ImportResultOutputID=c9abb0b20a8e8219707b06aa304df842 DependenciesID=815a25337000caa425885d51a35d1336 StaticDependenciesID=50828c83603ce93f6537cc98faaa9703 
Importing 'GUID: 318df756abab5463e9aa361360784865 - Path: Packages/com.unity.multiplayer.center/Editor/MultiplayerCenterWindow/UI/Icons/d_PackageInstalled@2x.png' with importer (TextureImporter)
Imported 'GUID: 318df756abab5463e9aa361360784865' -> (Import Result ID: '0b8812c0134c86d78718710857ab560d') in 0.003 seconds [static and dynamic dependencies]. Details - ImportResultOutputID=db30f9493944bd8db7b9ead014f68ceb DependenciesID=125a952a0372e8a00b8ef4b3445f351e StaticDependenciesID=994ddf3ed990fa83a870b19bab9ea288 
Importing 'GUID: 424a8de5def3b46dcb08edd00ad1c7bd - Path: Packages/com.unity.multiplayer.center/Editor/MultiplayerCenterWindow/UI/Icons/Loading.png' with importer (TextureImporter)
Imported 'GUID: 424a8de5def3b46dcb08edd00ad1c7bd' -> (Import Result ID: '651dde2b2a08a9f9a92a7ea21b9179b5') in 0.001 seconds [static and dynamic dependencies]. Details - ImportResultOutputID=466ed2d140107ef8f75f3d811bce8edd DependenciesID=da18b5302e35ce8002c5bfa5ba5fef3d StaticDependenciesID=e7f8e6e0ca85f50a38335e04082f640c 
Importing 'GUID: 525a6cca8dd9a4d28875a8fe824710d9 - Path: Packages/com.unity.multiplayer.center/Editor/MultiplayerCenterWindow/UI/Icons/d_Package.png' with importer (TextureImporter)
Imported 'GUID: 525a6cca8dd9a4d28875a8fe824710d9' -> (Import Result ID: '780c11e1a920bce38e50b69ae4d330d0') in 0.001 seconds [static and dynamic dependencies]. Details - ImportResultOutputID=ea4a85379db69851648496b826b2dbc6 DependenciesID=34a923043c605a83d375f86f5e2b7424 StaticDependenciesID=553cc11af2f1ff7b408e25c0bb279e58 
Importing 'GUID: a23c0dd570fd44b57a03a8880002fcca - Path: Packages/com.unity.multiplayer.center/Editor/MultiplayerCenterWindow/UI/Icons/CloudCode@2x.png' with importer (TextureImporter)
Imported 'GUID: a23c0dd570fd44b57a03a8880002fcca' -> (Import Result ID: 'c104877f9b943b0783a2d8b5db810e7f') in 0.001 seconds [static and dynamic dependencies]. Details - ImportResultOutputID=cb039323097108a83c98371068eb3231 DependenciesID=9458037a08d939bf1612210556f80321 StaticDependenciesID=cd2c565f0bddc8807d22f0d55ee071b9 
Importing 'GUID: b2ce704e56cc84fb3b347499263c6244 - Path: Packages/com.unity.multiplayer.center/Editor/MultiplayerCenterWindow/UI/Icons/ClientHosted.png' with importer (TextureImporter)
Imported 'GUID: b2ce704e56cc84fb3b347499263c6244' -> (Import Result ID: '467e23090198f03523ef8b22d5ced07d') in 0.001 seconds [static and dynamic dependencies]. Details - ImportResultOutputID=8543dfcab3d33c5b757ae8aac672f535 DependenciesID=1f5d265af9127a576d62689dcbe972a2 StaticDependenciesID=a5c982f0566f7588ed06ff82e20583d9 
Importing 'GUID: 0354877031b64465ea7e5cafea1a2653 - Path: Packages/com.unity.multiplayer.center/Editor/MultiplayerCenterWindow/UI/Icons/DistributedAuthority@2x.png' with importer (TextureImporter)
Imported 'GUID: 0354877031b64465ea7e5cafea1a2653' -> (Import Result ID: '72e81d912771ac24998edbe0ab8a2ed4') in 0.001 seconds [static and dynamic dependencies]. Details - ImportResultOutputID=f4846d451daca11866d0a84a75402e74 DependenciesID=35edc040d03950bef72b114a7c21931d StaticDependenciesID=7a26d18c570496633d8416de9c0690d0 
Importing 'GUID: 83b28bcaaf34b4fd580114fb05d9f160 - Path: Packages/com.unity.multiplayer.center/Editor/MultiplayerCenterWindow/UI/Icons/NGO@2x.png' with importer (TextureImporter)
Imported 'GUID: 83b28bcaaf34b4fd580114fb05d9f160' -> (Import Result ID: '2d6ab97d4dba38bcdeb524649fc9c3d4') in 0.001 seconds [static and dynamic dependencies]. Details - ImportResultOutputID=ad7a6a16792a75b2d5bdf4ccc143f0c2 DependenciesID=0605ea7032d06dd33d276214c6aff1d4 StaticDependenciesID=0c80a11316f1711d1708e29f31f0eb0d 
Importing 'GUID: 0423146d9f51c4563a0f2a8200b6cd38 - Path: Packages/com.unity.multiplayer.center/Editor/MultiplayerCenterWindow/UI/Icons/PackageInstalled@2x.png' with importer (TextureImporter)
Imported 'GUID: 0423146d9f51c4563a0f2a8200b6cd38' -> (Import Result ID: '91b329350daa23fd54a42bfe71282f57') in 0.001 seconds [static and dynamic dependencies]. Details - ImportResultOutputID=969587fa5cf326d9ec8a8111b75f7ac4 DependenciesID=39e523f0401ecf71f82225e8fb9f369c StaticDependenciesID=0e797135db43cb7741aa130f58e2ca62 
Importing 'GUID: 741761e72e6f24446bd8ba03ea3d0261 - Path: Packages/com.unity.multiplayer.center/Editor/MultiplayerCenterWindow/UI/Icons/d_Questionnaire.png' with importer (TextureImporter)
Imported 'GUID: 741761e72e6f24446bd8ba03ea3d0261' -> (Import Result ID: '0c1217c8bc988713cd3caecc0be733de') in 0.001 seconds [static and dynamic dependencies]. Details - ImportResultOutputID=a5c17e9348711047638049f222e0f15d DependenciesID=867c5924523e156d8de695f084bd5a34 StaticDependenciesID=91f00ec7e32ded106f570485156ea0ea 
Importing 'GUID: 84e4bbd00035e4671bf14e0380a89001 - Path: Packages/com.unity.multiplayer.center/Editor/MultiplayerCenterWindow/UI/Icons/EmptyViewIcon.png' with importer (TextureImporter)
Imported 'GUID: 84e4bbd00035e4671bf14e0380a89001' -> (Import Result ID: '25a466c30242f5a65c481e1f6ce123da') in 0.003 seconds [static and dynamic dependencies]. Details - ImportResultOutputID=bcbf5c2d4dcd7a8cf70efc04863cd80c DependenciesID=c768a4b3dda513351a1b755cd094ddaf StaticDependenciesID=4e8b2bc13a3f2af4e692da90342930d6 
Importing 'GUID: 9431e8221045c4af189b2fa7174b9e9f - Path: Packages/com.unity.multiplayer.center/Editor/MultiplayerCenterWindow/UI/Icons/PackageManager@2x.png' with importer (TextureImporter)
Imported 'GUID: 9431e8221045c4af189b2fa7174b9e9f' -> (Import Result ID: '757560440c463eab7b0e7755d8cbca1b') in 0.001 seconds [static and dynamic dependencies]. Details - ImportResultOutputID=810eee99b1c59dc7120f2ae2b307b2ed DependenciesID=43435af6ed5c53ca9061fc6e739330c1 StaticDependenciesID=6aa2e2ba0d15d3a8665f77e7892bb597 
Importing 'GUID: b58a826ca804e4c67bab4283ad5a6102 - Path: Packages/com.unity.multiplayer.center/Editor/MultiplayerCenterWindow/UI/Icons/NoNetcode@2x.png' with importer (TextureImporter)
Imported 'GUID: b58a826ca804e4c67bab4283ad5a6102' -> (Import Result ID: 'd02a9c3b2eae35621f6b7d375471e8cb') in 0.001 seconds [static and dynamic dependencies]. Details - ImportResultOutputID=f046d0791ab60c2837f19e982d97466f DependenciesID=d4cc31c8c928d8ce9f6c8eb9bf79879c StaticDependenciesID=273d7b9c984888e87075ae09e06d38d0 
Importing 'GUID: 4616b2fa4acd1429e931835b80966c2a - Path: Packages/com.unity.multiplayer.center/Editor/MultiplayerCenterWindow/UI/Icons/PackageInstalled.png' with importer (TextureImporter)
Imported 'GUID: 4616b2fa4acd1429e931835b80966c2a' -> (Import Result ID: '1a937d9902e448ab0f410d86ea3a6f1a') in 0.000 seconds [static and dynamic dependencies]. Details - ImportResultOutputID=525dca153737c52caec77c056354d568 DependenciesID=f4f942bb1b3e33ea772b0e0bd86fd5dd StaticDependenciesID=bfcafe4a94b544a99142edc22ba0680a 
Importing 'GUID: a6fd0c627f5aa48fa81512221e70a11e - Path: Packages/com.unity.multiplayer.center/Editor/MultiplayerCenterWindow/UI/Icons/d_PackageManager@2x.png' with importer (TextureImporter)
Imported 'GUID: a6fd0c627f5aa48fa81512221e70a11e' -> (Import Result ID: 'd72bd4f63c7c60561d252c1e754b8ee4') in 0.000 seconds [static and dynamic dependencies]. Details - ImportResultOutputID=774fb98183e49d50cbd0e04310e9d423 DependenciesID=4b71e4020f61c3e7f912996eaa3b71d9 StaticDependenciesID=49339ea4a8bc73fc38f8ff06cc204955 
Importing 'GUID: d63245ece6d8f476c8c7ca24da9937f6 - Path: Packages/com.unity.multiplayer.center/Editor/MultiplayerCenterWindow/UI/Icons/DistributedAuthority.png' with importer (TextureImporter)
Imported 'GUID: d63245ece6d8f476c8c7ca24da9937f6' -> (Import Result ID: 'bd55557f6e67c896f2a4f3aa9d4ec7f1') in 0.001 seconds [static and dynamic dependencies]. Details - ImportResultOutputID=670060d839eab7f6b207724b14e21c6b DependenciesID=5ad4b387eaceeee5150d2b19b5693dcf StaticDependenciesID=815615f291ff0b00403c71876b8ae652 
Importing 'GUID: 679f9999c6f8f497e806a2d5d0511879 - Path: Packages/com.unity.multiplayer.center/Editor/MultiplayerCenterWindow/UI/Icons/PackageManager.png' with importer (TextureImporter)
Imported 'GUID: 679f9999c6f8f497e806a2d5d0511879' -> (Import Result ID: 'f6c214768cae0b322e9462e188083b35') in 0.001 seconds [static and dynamic dependencies]. Details - ImportResultOutputID=604513f5b2b249e8bf26cead5f0fd1f0 DependenciesID=ad98944288b204be5fdd2e257d7a4322 StaticDependenciesID=caf791b4607267b5433f22958260ac87 
Importing 'GUID: 77be953cf28de42a4ad8532539fef3f5 - Path: Packages/com.unity.multiplayer.center/Editor/MultiplayerCenterWindow/UI/Icons/d_PackageInstalled.png' with importer (TextureImporter)
Imported 'GUID: 77be953cf28de42a4ad8532539fef3f5' -> (Import Result ID: 'ca162edb9861a9a67f32fa73d49bebbe') in 0.001 seconds [static and dynamic dependencies]. Details - ImportResultOutputID=cdb5dbb263d96f553866fd9bfea7ee7e DependenciesID=85226254770af10a85ef8513109c2ab1 StaticDependenciesID=a815c8f2fff6bd5194d23babb28ed5f2 
Importing 'GUID: c7a38e6eccbfc49778cb8b77f594a971 - Path: Packages/com.unity.multiplayer.center/Editor/MultiplayerCenterWindow/UI/Icons/ClientHosted@2x.png' with importer (TextureImporter)
Imported 'GUID: c7a38e6eccbfc49778cb8b77f594a971' -> (Import Result ID: '482934cd80f77a861d36ce48652a48fe') in 0.001 seconds [static and dynamic dependencies]. Details - ImportResultOutputID=a7a17ac502c60a3e59b032656c8397bd DependenciesID=b579315fbaf3d8616211c10f6844b7d0 StaticDependenciesID=77ae9301e2b46afa82103623aef31584 
Importing 'GUID: d7711b0cc806d430b8a95f1e33ec3649 - Path: Packages/com.unity.multiplayer.center/Editor/MultiplayerCenterWindow/UI/Icons/CustomNetcode@2x.png' with importer (TextureImporter)
Imported 'GUID: d7711b0cc806d430b8a95f1e33ec3649' -> (Import Result ID: 'b6d4ba4670d0b14329f0f2e78c578e30') in 0.001 seconds [static and dynamic dependencies]. Details - ImportResultOutputID=e41007894bacefc4df5082db3fdd1c9e DependenciesID=46621485d967c8dbe7da470d9e74a66d StaticDependenciesID=34d9c1eacf7b77cee76b5fef21167021 
Importing 'GUID: 38b78df4a34c94fa6a52c90239606ff1 - Path: Packages/com.unity.multiplayer.center/Editor/MultiplayerCenterWindow/UI/Icons/DedicatedServer@2x.png' with importer (TextureImporter)
Imported 'GUID: 38b78df4a34c94fa6a52c90239606ff1' -> (Import Result ID: '62426ff1d918e8a3cf806aae2b7b3724') in 0.001 seconds [static and dynamic dependencies]. Details - ImportResultOutputID=48e76bbae99391d58e7be37245455e7a DependenciesID=ec62e1da67c52fde8aace6af0d64d3dd StaticDependenciesID=0fad185af667295a6eb3243f28752866 
Importing 'GUID: 29395f0639574c1fbc8b729aa257fb84 - Path: Packages/com.unity.multiplayer.center/Editor/MultiplayerCenterWindow/UI/Icons/d_Check.png' with importer (TextureImporter)
Imported 'GUID: 29395f0639574c1fbc8b729aa257fb84' -> (Import Result ID: '9764d6b8f5c2f658add93d96d2617237') in 0.001 seconds [static and dynamic dependencies]. Details - ImportResultOutputID=6e577340bc5656c5c1e6c99487634c1e DependenciesID=ee6df801eb1986011d3f22d813f98d40 StaticDependenciesID=ce90a6ad74d5bed6f73d3374231bf8a2 
Importing 'GUID: 99da7b3894f364efdb5fa1443952a55d - Path: Packages/com.unity.multiplayer.center/Editor/MultiplayerCenterWindow/UI/Icons/NGO.png' with importer (TextureImporter)
Imported 'GUID: 99da7b3894f364efdb5fa1443952a55d' -> (Import Result ID: 'd3c923dae0622fabd219d2dc2da83909') in 0.001 seconds [static and dynamic dependencies]. Details - ImportResultOutputID=e99dc57094e020fc616870b978812aa0 DependenciesID=02442dbd30398216798ec5e3c881d9f3 StaticDependenciesID=92cbf805677a77cdade82ca0dfa3cb1f 
Importing 'GUID: e9669051ff70449b5923861e0e0b8838 - Path: Packages/com.unity.multiplayer.center/Editor/MultiplayerCenterWindow/UI/Icons/N4E.png' with importer (TextureImporter)
Imported 'GUID: e9669051ff70449b5923861e0e0b8838' -> (Import Result ID: '9745e8f9695f66cd4fbad5a5584fbaed') in 0.001 seconds [static and dynamic dependencies]. Details - ImportResultOutputID=dc0bb491d45ad49492ed2d74d9fce3ed DependenciesID=e2d4a5f2e71faf052ddacbb4e8f13819 StaticDependenciesID=c473902f3982c1a06ce62f5ebff7e4f8 
Importing 'GUID: 2adffcc506285402aa795dee6f3166d0 - Path: Packages/com.unity.multiplayer.center/Editor/MultiplayerCenterWindow/UI/Icons/EmptyViewIcon@2x.png' with importer (TextureImporter)
Imported 'GUID: 2adffcc506285402aa795dee6f3166d0' -> (Import Result ID: 'd0bd33f5b5b9cbfa61095abcfd7b76e7') in 0.010 seconds [static and dynamic dependencies]. Details - ImportResultOutputID=4906696f09c947c156cdce1d641c264a DependenciesID=15d9a23ad06db854a624437289cf85f2 StaticDependenciesID=d8f103445c7dc230a2092bce488edea6 
Importing 'GUID: dab91f148d99946e7b3c3a87ecf4b973 - Path: Packages/com.unity.multiplayer.center/Editor/MultiplayerCenterWindow/UI/Icons/d_Loading.png' with importer (TextureImporter)
Imported 'GUID: dab91f148d99946e7b3c3a87ecf4b973' -> (Import Result ID: '22eea6ba5a9496eb2cf099fb72433d21') in 0.001 seconds [static and dynamic dependencies]. Details - ImportResultOutputID=dccfb92cf2df7bd49966d045ebe14e97 DependenciesID=cda9e9f46c2bbdf891d1abe5b1cd7c60 StaticDependenciesID=520fb3e82196ddecf22e55fa21d4b86d 
Importing 'GUID: 1b4c88814ec6241eb8e327515399c006 - Path: Packages/com.unity.multiplayer.center/Editor/MultiplayerCenterWindow/UI/Icons/d_PackageManager.png' with importer (TextureImporter)
Imported 'GUID: 1b4c88814ec6241eb8e327515399c006' -> (Import Result ID: 'e9b7058f8726676478eb983d60c03560') in 0.000 seconds [static and dynamic dependencies]. Details - ImportResultOutputID=1b8330a91fc0bcb458537e0616d195a0 DependenciesID=a69168564f0fdd41ba5f700966d6d107 StaticDependenciesID=4f60d1c4f55ea3a6cfed568ed09477f3 
Importing 'GUID: 2cb589d4e01184d928bb698f06e77561 - Path: Packages/com.unity.multiplayer.center/Editor/MultiplayerCenterWindow/UI/Icons/N4E@2x.png' with importer (TextureImporter)
Imported 'GUID: 2cb589d4e01184d928bb698f06e77561' -> (Import Result ID: '4108e4e4f7fe0fc815628f77351a7c85') in 0.001 seconds [static and dynamic dependencies]. Details - ImportResultOutputID=e25b9c4fa659d06565399c8d3ff46781 DependenciesID=f6c2d4733ee633fddad4fa5bd9bdb9a9 StaticDependenciesID=f53ac5e8c6b4f1dd0d428b13bbc133ed 
Importing 'GUID: dce12af736e0a4a1ba35d6424f897dc9 - Path: Packages/com.unity.multiplayer.center/Editor/MultiplayerCenterWindow/UI/Icons/CustomNetcode.png' with importer (TextureImporter)
Imported 'GUID: dce12af736e0a4a1ba35d6424f897dc9' -> (Import Result ID: 'eab0ecdd2257993c2595f621d7d9c8f6') in 0.001 seconds [static and dynamic dependencies]. Details - ImportResultOutputID=dfb3581fd2446a1635f2b742fe1c2516 DependenciesID=694ad79738c9221bf6bf26147f14ed59 StaticDependenciesID=3647fe4017c65339e0b0ee19983506fc 
Importing 'GUID: 1daed49eec0f94f7ebb36dfef6159884 - Path: Packages/com.unity.multiplayer.center/Editor/MultiplayerCenterWindow/UI/Icons/NoNetcode.png' with importer (TextureImporter)
Imported 'GUID: 1daed49eec0f94f7ebb36dfef6159884' -> (Import Result ID: 'cdd9beae86ae4a3d75981e7c7d6af187') in 0.001 seconds [static and dynamic dependencies]. Details - ImportResultOutputID=dd1f716c9c495ba6e655769519f7157e DependenciesID=965425864eecd37f6347b89b64d71cbb StaticDependenciesID=c9d73e6b474f3ff2aab808248eb875d3 
Importing 'GUID: 9d9689eab72c8480c90679f4dcf18820 - Path: Packages/com.unity.multiplayer.center/Editor/MultiplayerCenterWindow/UI/Icons/Package.png' with importer (TextureImporter)
Imported 'GUID: 9d9689eab72c8480c90679f4dcf18820' -> (Import Result ID: '563fa93690febd4e8975b17841993ee7') in 0.001 seconds [static and dynamic dependencies]. Details - ImportResultOutputID=84507ea5dd90c429abc9195dba8e76b2 DependenciesID=3d110a6b32f0e065b56aba8395b0a688 StaticDependenciesID=6caa35a683e4857b11830a851884eb2f 
Importing 'GUID: ad1d29f4654194951a3c8bf507914d05 - Path: Packages/com.unity.multiplayer.center/Editor/MultiplayerCenterWindow/UI/Icons/CloudCode.png' with importer (TextureImporter)
Imported 'GUID: ad1d29f4654194951a3c8bf507914d05' -> (Import Result ID: '19a17e3dc497cea47514193d2d30ec35') in 0.001 seconds [static and dynamic dependencies]. Details - ImportResultOutputID=2c568ae44d632b1419403f44aae6fd11 DependenciesID=897fd3117c84ba3059ccd5bfb3b6b5bb StaticDependenciesID=b269b71ea22128dc02790f446c5dbd24 
Importing 'GUID: dd70cd654275d47db807e918055e004f - Path: Packages/com.unity.multiplayer.center/Editor/MultiplayerCenterWindow/UI/Icons/Questionnaire.png' with importer (TextureImporter)
Imported 'GUID: dd70cd654275d47db807e918055e004f' -> (Import Result ID: '0f1fd31a6ee18019f2a5554237165281') in 0.001 seconds [static and dynamic dependencies]. Details - ImportResultOutputID=158c557e3e785297cb68b5c7d3b225a8 DependenciesID=2c2eaf15a93aeb7f5682650cc0833c6e StaticDependenciesID=6abd43deae2fcf316514bba755ba821f 
Importing 'GUID: 3fe892784421e47f5aa40c2784a6cb3e - Path: Packages/com.unity.multiplayer.center/Editor/MultiplayerCenterWindow/UI/Icons/DedicatedServer.png' with importer (TextureImporter)
Imported 'GUID: 3fe892784421e47f5aa40c2784a6cb3e' -> (Import Result ID: 'e64c084e46aed9da3deaa1b6091cf322') in 0.001 seconds [static and dynamic dependencies]. Details - ImportResultOutputID=b0b0df5abddb7164f2afcd9dcacc2c93 DependenciesID=9c20bb30b9e227d40dff84b8653bcf1f StaticDependenciesID=c451cc413fada5c44719b466965e8ab7 
Importing 'GUID: 4f78a544322c742b89e63fb68557b1d2 - Path: Packages/com.unity.multiplayer.center/Editor/MultiplayerCenterWindow/UI/Icons/Check.png' with importer (TextureImporter)
Imported 'GUID: 4f78a544322c742b89e63fb68557b1d2' -> (Import Result ID: 'f49ddb8f50245920843a0a97e006e532') in 0.000 seconds [static and dynamic dependencies]. Details - ImportResultOutputID=ced2b25cdf5b1bb67347e69a9cfe561b DependenciesID=002a113d9c0dd3d0f501bc927993f308 StaticDependenciesID=546d1cfd225126a7ad54f1552948ff5b 
Importing 'GUID: 30b312a167534621b316172253b08723 - Path: Packages/com.unity.modules.subsystems/package.json' with importer (PackageManifestImporter)
Imported 'GUID: 30b312a167534621b316172253b08723' -> (Import Result ID: '0de745974b661a297d484c879d5e699d') in 0.000 seconds [static dependencies only]. Details - ImportResultOutputID=765cf1931d2753f2550d4e77b0bc00d7 DependenciesID=19640991438382a0ce5b9d9d20a2fde6 StaticDependenciesID=9de85ab1ed65a20486f49da847169f6f 
Importing 'GUID: 40bf3cec17fa0b49fe04443c8332d638 - Path: Packages/com.unity.modules.jsonserialize/package.json' with importer (PackageManifestImporter)
Imported 'GUID: 40bf3cec17fa0b49fe04443c8332d638' -> (Import Result ID: '3c3d8156ae4fcb6824e6c272b6cf94cf') in 0.000 seconds [static dependencies only]. Details - ImportResultOutputID=aa9b14d72de92370ff1ca0e7f75e369f DependenciesID=0487a8ecdb136b97a94f3699d5491608 StaticDependenciesID=4fa957cbd7e5785b82c65693476fedb7 
Importing 'GUID: 70554f6c9e4114e1084bb38f9ea400ce - Path: Packages/com.unity.multiplayer.center/LICENSE.md' with importer (TextScriptImporter)
Imported 'GUID: 70554f6c9e4114e1084bb38f9ea400ce' -> (Import Result ID: '10bd375a7844e7dadd9cf8a547dae205') in 0.000 seconds [static dependencies only]. Details - ImportResultOutputID=59e94a21cec5c01f76c5311c0f7ed1b4 DependenciesID=52cf924b4fac4d92587d47eca86cbc60 StaticDependenciesID=0eebd23acd98e5d505e559c4fa8d84cb 
Importing 'GUID: 80beef77cb19e713c7c2d481b65ed485 - Path: Packages/com.unity.modules.screencapture/package.json' with importer (PackageManifestImporter)
Imported 'GUID: 80beef77cb19e713c7c2d481b65ed485' -> (Import Result ID: '2decd164d8bbf1ac3bea2d19ffde81c6') in 0.000 seconds [static dependencies only]. Details - ImportResultOutputID=d9ded7588eb8060a1796f498dbb0a292 DependenciesID=ae06f98d9e2f2db5b2921fd3368dee36 StaticDependenciesID=543850bbae216a3ea4f8a437689f4299 
Importing 'GUID: 906c12bc9cd95d3963c6d58f62522c78 - Path: Packages/com.unity.modules.cloth/package.json' with importer (PackageManifestImporter)
Imported 'GUID: 906c12bc9cd95d3963c6d58f62522c78' -> (Import Result ID: '983cb98557967c8427ef3bad1716dbbd') in 0.000 seconds [static dependencies only]. Details - ImportResultOutputID=42b52c42e73100f6316e86e7c441b6f1 DependenciesID=c46711e7899dc71949eae528a71bf440 StaticDependenciesID=856028ce1c77139ee7701adc4bb0a585 
Importing 'GUID: d0e3ad91972c66f5238f5b9b7d5ae58a - Path: Packages/com.unity.modules.unitywebrequesttexture/package.json' with importer (PackageManifestImporter)
Imported 'GUID: d0e3ad91972c66f5238f5b9b7d5ae58a' -> (Import Result ID: '6ee8db851d3987d027c018b12be523ea') in 0.000 seconds [static dependencies only]. Details - ImportResultOutputID=6c9ca1171f273a0682b879fecc6f30e6 DependenciesID=945eb4ddfe452b7e5688a854fb2a4c62 StaticDependenciesID=aa400659c9a454ad69f7654342306081 
Importing 'GUID: f0f13f2ab3d6d13cfc6e4656824bfca8 - Path: Packages/com.unity.modules.ai/package.json' with importer (PackageManifestImporter)
Imported 'GUID: f0f13f2ab3d6d13cfc6e4656824bfca8' -> (Import Result ID: '4a174abbb0cc66692f4190e8a38a6a8e') in 0.000 seconds [static dependencies only]. Details - ImportResultOutputID=73aa9af26c25a6bf7e554f3c27e7fff6 DependenciesID=c9e5f6d4a179170a4d58da91169eaad7 StaticDependenciesID=1cacc8dc5a3312c2a4620af4bca051bb 
Importing 'GUID: e1ef8466c8fd01a549f10baa4d51fa17 - Path: Packages/com.unity.modules.assetbundle/package.json' with importer (PackageManifestImporter)
Imported 'GUID: e1ef8466c8fd01a549f10baa4d51fa17' -> (Import Result ID: '77c66c15e1068a6daa27168b66844ee8') in 0.000 seconds [static dependencies only]. Details - ImportResultOutputID=635ced2ab46b706ffe8cc581bf58dc29 DependenciesID=97e681a4c72498d612a3f688fffeb8fe StaticDependenciesID=759ab37ac9e7dded39be228807210ed4 
Importing 'GUID: 42fe78c8fe682715a2cb531422e6ccb3 - Path: Packages/com.unity.modules.imgui/package.json' with importer (PackageManifestImporter)
Imported 'GUID: 42fe78c8fe682715a2cb531422e6ccb3' -> (Import Result ID: '7a8b378d08c71c7b2d9effc1f14b677b') in 0.000 seconds [static dependencies only]. Details - ImportResultOutputID=a2011e7c96155b95109f04dc8f41cfa9 DependenciesID=3e706bbac0d5394893c566f74761f233 StaticDependenciesID=8821e85155296ee241d661fa31f08cae 
Importing 'GUID: 92a378669877c05c6071d0fed687bb95 - Path: Packages/com.unity.modules.tilemap/package.json' with importer (PackageManifestImporter)
Imported 'GUID: 92a378669877c05c6071d0fed687bb95' -> (Import Result ID: '5ad650bbc7b063ae8069a52a54dcfb47') in 0.000 seconds [static dependencies only]. Details - ImportResultOutputID=b41661b03d1337ebe6935f7186e72e83 DependenciesID=a49b0ec453e79e107bc254094010a68d StaticDependenciesID=3380b86c8aecfed2a6c7dd8110297a4b 
Importing 'GUID: 43674d438e19b89d7fe6af07234f3252 - Path: Packages/com.unity.modules.accessibility/package.json' with importer (PackageManifestImporter)
Imported 'GUID: 43674d438e19b89d7fe6af07234f3252' -> (Import Result ID: 'e7ed3d4994342b49572cb5045ca8fa37') in 0.000 seconds [static dependencies only]. Details - ImportResultOutputID=ff8ccaac194fd03e278fd0c8ae4f8535 DependenciesID=19bf8c75c0dd7cb7283e86c89a40dc92 StaticDependenciesID=3618d1677a9050327f74ef7d777c2227 
Importing 'GUID: c359bcaf4a0bc4040aac650bf14ec619 - Path: Packages/com.unity.multiplayer.center/README.md' with importer (TextScriptImporter)
Imported 'GUID: c359bcaf4a0bc4040aac650bf14ec619' -> (Import Result ID: 'a068d1eeccb1ed5414553dfb1dc01073') in 0.000 seconds [static dependencies only]. Details - ImportResultOutputID=82d3a5be604caff878ff7e228f1601f7 DependenciesID=821e63a612675be9a6433da75b545e01 StaticDependenciesID=7d6e449d0c53affb3cf967fb003feb81 
Importing 'GUID: d3cbe921f7b3d9a3257e7c61a5761796 - Path: Packages/com.unity.modules.terrainphysics/package.json' with importer (PackageManifestImporter)
Imported 'GUID: d3cbe921f7b3d9a3257e7c61a5761796' -> (Import Result ID: '467bbf5a90daac608ec6d51e6182c99b') in 0.002 seconds [static dependencies only]. Details - ImportResultOutputID=d704a302b555447ed899ea4a702a55ed DependenciesID=945aba11cc593abfd0c030a6163cac5e StaticDependenciesID=56c9df219b58ba3cda3ba672bdcc0b18 
Importing 'GUID: 05f7f519769978b79b31d063a7fc6fa1 - Path: Packages/com.unity.modules.unitywebrequestassetbundle/package.json' with importer (PackageManifestImporter)
Imported 'GUID: 05f7f519769978b79b31d063a7fc6fa1' -> (Import Result ID: '992f403bd9e756120da55bc5ad175443') in 0.000 seconds [static dependencies only]. Details - ImportResultOutputID=a1b694b11b52e55712b0180fdfb1b39e DependenciesID=d3e18c56d593df4d1c5a63524b0e1366 StaticDependenciesID=21647a8b9a0ac7ad27cc4fc1e8aa0098 
Importing 'GUID: 953fab16d15d5885b3600fcd6388b2ad - Path: Packages/com.unity.modules.imageconversion/package.json' with importer (PackageManifestImporter)
Imported 'GUID: 953fab16d15d5885b3600fcd6388b2ad' -> (Import Result ID: '4b3cf48f0e4dcab6be68d20055de5877') in 0.000 seconds [static dependencies only]. Details - ImportResultOutputID=ca85b47cdbdf5f3f75007a9470054abd DependenciesID=f831b32f26b3db70a19594e4aebf3788 StaticDependenciesID=9e1c7bd819b7ca2b05a7c8ea7720f03a 
Importing 'GUID: b5930dbc378b45d406aeb881f06b6dfa - Path: Packages/com.unity.modules.physicscore2d/package.json' with importer (PackageManifestImporter)
Imported 'GUID: b5930dbc378b45d406aeb881f06b6dfa' -> (Import Result ID: '7f33608ed66d7aeeff2df625c893fba7') in 0.000 seconds [static dependencies only]. Details - ImportResultOutputID=f4010fcaf409165755963cbbc344c30d DependenciesID=510b658150aed5a8514553c953094339 StaticDependenciesID=53fe7088fa4b9ed708ed88af7a3bc038 
Importing 'GUID: 26a4f29db434fd79025c91f6126382cc - Path: Packages/com.unity.modules.unityanalytics/package.json' with importer (PackageManifestImporter)
Imported 'GUID: 26a4f29db434fd79025c91f6126382cc' -> (Import Result ID: 'b8ae2e98fc05cd2b95488d404c6ad31f') in 0.000 seconds [static dependencies only]. Details - ImportResultOutputID=a1075137ec66a15e3cc4335cf0960359 DependenciesID=f6810495fca793ee2a410ce9d9ed5fba StaticDependenciesID=0c52afe5e019648c57e2dec50b1171a3 
Importing 'GUID: 96d14b71b907bb52333b2886e665aba6 - Path: Packages/com.unity.modules.video/package.json' with importer (PackageManifestImporter)
Imported 'GUID: 96d14b71b907bb52333b2886e665aba6' -> (Import Result ID: '91ab6a23cc8449fcc1b7f3a18b73b4b5') in 0.000 seconds [static dependencies only]. Details - ImportResultOutputID=c744975b41fa449bbd85f7409a9873bd DependenciesID=d990417fb1391d9d9138c9292eebe964 StaticDependenciesID=e2320961cdfb93f4cd4aad2f17811d9a 
Importing 'GUID: 87d720faa37005c08600090e04d8c739 - Path: Packages/com.unity.modules.particlesystem/package.json' with importer (PackageManifestImporter)
Imported 'GUID: 87d720faa37005c08600090e04d8c739' -> (Import Result ID: '6229acb65e3c0ec884dbbbcdbc44a7cb') in 0.000 seconds [static dependencies only]. Details - ImportResultOutputID=5d63d00535a42e51b82511e4083d4e04 DependenciesID=12b17d51e115d7131c15412a5d65b609 StaticDependenciesID=0535af7bac655123913caec8be8664d0 
Importing 'GUID: f7a8357347c80dc69c08d0b1a05e2122 - Path: Packages/com.unity.modules.physics2d/package.json' with importer (PackageManifestImporter)
Imported 'GUID: f7a8357347c80dc69c08d0b1a05e2122' -> (Import Result ID: 'ff37c4f627e5f060bef1040dc766dad7') in 0.000 seconds [static dependencies only]. Details - ImportResultOutputID=bff5ec0eb66ef125effb3b5cc8d0b0ca DependenciesID=7894493d2ead1b03834ef58736d25e44 StaticDependenciesID=4b1adddadd86693c22134d8b6c9ee19e 
Importing 'GUID: 78e5667e52329c3ceef41288763404ae - Path: Packages/com.unity.modules.vectorgraphics/package.json' with importer (PackageManifestImporter)
Imported 'GUID: 78e5667e52329c3ceef41288763404ae' -> (Import Result ID: 'ecc470e125fe8a676851d867c0f480cd') in 0.000 seconds [static dependencies only]. Details - ImportResultOutputID=ce9aac6e0d79404807a53a47ecb5a43a DependenciesID=33f1c93a7f5e1c735326d430ca6a21c0 StaticDependenciesID=d8fcc0e778b282a9a93fdbd072150975 
Importing 'GUID: b83f06ac0c0696e9563230865ca72b81 - Path: Packages/com.unity.modules.wind/package.json' with importer (PackageManifestImporter)
Imported 'GUID: b83f06ac0c0696e9563230865ca72b81' -> (Import Result ID: '29e80ad768e4f5142232e3ada5455316') in 0.000 seconds [static dependencies only]. Details - ImportResultOutputID=b14ae433bd6f131701dffe815280e35b DependenciesID=5d0174e9a90c466946768a14081dfb82 StaticDependenciesID=a6fc01b33d1abeef74d162f46caa6010 
Importing 'GUID: c8f6fa942856442b8bd72594d3ce7363 - Path: Packages/com.unity.multiplayer.center/Third Party Notices.md' with importer (TextScriptImporter)
Imported 'GUID: c8f6fa942856442b8bd72594d3ce7363' -> (Import Result ID: '2a75a020629435c95987a91372a945a3') in 0.000 seconds [static dependencies only]. Details - ImportResultOutputID=03ddb98ad266806dbd104aeb58230d0c DependenciesID=cd546e5367619eb19c3e277641312771 StaticDependenciesID=a44274cdb0450f2d306674c20bf8fcb4 
Importing 'GUID: d85e5eeaf8f135aeaaebdc8aa3cff6c3 - Path: Packages/com.unity.modules.umbra/package.json' with importer (PackageManifestImporter)
Imported 'GUID: d85e5eeaf8f135aeaaebdc8aa3cff6c3' -> (Import Result ID: '23996bd727696151878e0e0914af37d3') in 0.000 seconds [static dependencies only]. Details - ImportResultOutputID=eb7496bed0d5b11bbcf1157c898f5d43 DependenciesID=036d5ba5ef1a566ffaffc27843ef10d1 StaticDependenciesID=1e1aa43716c3a4a673c5102fd2bfda7a 
Importing 'GUID: e9df95f53f1c1d0c9199e235d6c42b50 - Path: Packages/com.unity.modules.audio/package.json' with importer (PackageManifestImporter)
Imported 'GUID: e9df95f53f1c1d0c9199e235d6c42b50' -> (Import Result ID: '3e44f549c1c5e1ed16a0e1b8c2423eee') in 0.000 seconds [static dependencies only]. Details - ImportResultOutputID=baaf90fdc78043c6bded1cd6a5403e1a DependenciesID=744f3313ed5bc01d937a1e4ddb4d51dd StaticDependenciesID=0b9ce6a09a5420a8fcf575784202a4ec 
Importing 'GUID: 1a4266815e998967becf686f9c71f0a6 - Path: Packages/com.unity.modules.physics/package.json' with importer (PackageManifestImporter)
Imported 'GUID: 1a4266815e998967becf686f9c71f0a6' -> (Import Result ID: '3c7f9ce49810096ef75270347c8c5faf') in 0.000 seconds [static dependencies only]. Details - ImportResultOutputID=0efa4dacffd12cdaf213c725197b2b9e DependenciesID=19fab7776e523a6571cbf76057171dbf StaticDependenciesID=c62884b947307e67a5212641603df549 
Importing 'GUID: 6afb166a156df2d20433d981f4bb2832 - Path: Packages/com.unity.modules.vehicles/package.json' with importer (PackageManifestImporter)
Imported 'GUID: 6afb166a156df2d20433d981f4bb2832' -> (Import Result ID: '965db1e950e11043c2f2c614fde92f4a') in 0.000 seconds [static dependencies only]. Details - ImportResultOutputID=90fd456df3c7a4f04607ef72fd97a666 DependenciesID=390b46316f2496a4badf1aecd960193d StaticDependenciesID=745386a0a15962766ca354350d7b95db 
Importing 'GUID: fa27413e9edb06a6058d6c894eca0338 - Path: Packages/com.unity.modules.unitywebrequestwww/package.json' with importer (PackageManifestImporter)
Imported 'GUID: fa27413e9edb06a6058d6c894eca0338' -> (Import Result ID: '82a8d252fd6b972793e6f58a678faede') in 0.000 seconds [static dependencies only]. Details - ImportResultOutputID=44e99610e0fb01fe35488aaf1fb11e20 DependenciesID=0a9e988e8fe6d2347621fac6c698a999 StaticDependenciesID=8d955666ed1743fcf56b6262e888a79b 
Importing 'GUID: 3bbd27b3dd7be4a74aeab8da6b0af5cc - Path: Packages/com.unity.multiplayer.center/CHANGELOG.md' with importer (TextScriptImporter)
Imported 'GUID: 3bbd27b3dd7be4a74aeab8da6b0af5cc' -> (Import Result ID: 'f84ee636f1ad1e1dede43e68431302f2') in 0.000 seconds [static dependencies only]. Details - ImportResultOutputID=b417cc241394cfbb33a1752f594fb22c DependenciesID=57e141f7ac1220f60fcef84a843ab200 StaticDependenciesID=1e8083b47d5dcfb78adfb23af9934c6b 
Importing 'GUID: 4b518b37798c97b0f860962cbf615533 - Path: Packages/com.unity.modules.unitywebrequestaudio/package.json' with importer (PackageManifestImporter)
Imported 'GUID: 4b518b37798c97b0f860962cbf615533' -> (Import Result ID: '01631e02edf6dbc689a1842b652e414b') in 0.000 seconds [static dependencies only]. Details - ImportResultOutputID=226b4ec8b7df5d970396ae03abd1bc24 DependenciesID=81a8ead6b360826d270f36c4d45816a8 StaticDependenciesID=5707c08b329587feff21b012a270cfb1 
Importing 'GUID: 9b1a5759726ef9d39a0ab82047b615f1 - Path: Packages/com.unity.modules.hierarchycore/package.json' with importer (PackageManifestImporter)
Imported 'GUID: 9b1a5759726ef9d39a0ab82047b615f1' -> (Import Result ID: '4d67fbdb34c8886745ce6aff1b1c001d') in 0.000 seconds [static dependencies only]. Details - ImportResultOutputID=67cdcfb2395a679c900f8fe7a3c843b0 DependenciesID=2d432e2c3f209323bb3a5fadc775cc61 StaticDependenciesID=fc32affe18453c2b56fcf75e7670a4d4 
Importing 'GUID: 2c814623cb42764d304be0c5ddd03ceb - Path: Packages/com.unity.modules.xr/package.json' with importer (PackageManifestImporter)
Imported 'GUID: 2c814623cb42764d304be0c5ddd03ceb' -> (Import Result ID: '030ad2a83f5d14d33a1561fc5d017326') in 0.000 seconds [static dependencies only]. Details - ImportResultOutputID=f4a9b555b8e9c4886ebee6ada830081b DependenciesID=5ab1465dd9a5772ab63160363ea1c957 StaticDependenciesID=e2e736c846ecb1019e5d82a48e8843a9 
Importing 'GUID: 4c413a81cadcce7038e446e56570117e - Path: Packages/com.unity.modules.adaptiveperformance/package.json' with importer (PackageManifestImporter)
Imported 'GUID: 4c413a81cadcce7038e446e56570117e' -> (Import Result ID: '642d33bbfd88762e06e18b1b27ed0eb6') in 0.000 seconds [static dependencies only]. Details - ImportResultOutputID=d703a3ab962eacc558a1614396f9309b DependenciesID=bec8f1c6d518fd210d3f9ab43eb65ea5 StaticDependenciesID=ed3517636ac6a608782cfe0f5540298e 
Importing 'GUID: ec02776fe29df900b897106d61977735 - Path: Packages/com.unity.modules.director/package.json' with importer (PackageManifestImporter)
Imported 'GUID: ec02776fe29df900b897106d61977735' -> (Import Result ID: '19dc298af6160c76529a0db3867d92e8') in 0.000 seconds [static dependencies only]. Details - ImportResultOutputID=a51e3ed6ab9a9f17cdaab9355f1900e4 DependenciesID=7e8af503901595bf4a2515ede62592dc StaticDependenciesID=7fbdf2a22f4a71dd20281a451f5d03ed 
Importing 'GUID: 6d56244f8c39a851975d3c0bd432c66f - Path: Packages/com.unity.modules.terrain/package.json' with importer (PackageManifestImporter)
Imported 'GUID: 6d56244f8c39a851975d3c0bd432c66f' -> (Import Result ID: 'fa47cfc320b7a88e0714052f4316ad93') in 0.000 seconds [static dependencies only]. Details - ImportResultOutputID=73e8a19d9e221453757e2503bb195d8d DependenciesID=f439740450d89f53a0ce0ff5bb968828 StaticDependenciesID=569dfbc2c91aaf26e3b8d56c99bf3a8a 
Importing 'GUID: bd1af0a6633ee94ae21c7d1d702cdc12 - Path: Packages/com.unity.modules.androidjni/package.json' with importer (PackageManifestImporter)
Imported 'GUID: bd1af0a6633ee94ae21c7d1d702cdc12' -> (Import Result ID: '4a3591941c4b14da4ba1271bb913d699') in 0.000 seconds [static dependencies only]. Details - ImportResultOutputID=f4e2b880b85d4b1b337e650ea054a573 DependenciesID=0ef5eb9c2381bcd70baa41fe563d67c0 StaticDependenciesID=7ff1e85cbf66fda5165551d04fc99bd4 
Importing 'GUID: 7ef8348b8ea834d7e1bc214b07f7fb87 - Path: Packages/com.unity.modules.animation/package.json' with importer (PackageManifestImporter)
Imported 'GUID: 7ef8348b8ea834d7e1bc214b07f7fb87' -> (Import Result ID: 'c5cadcbdb9c4d8600b6ecc0f04eb0360') in 0.000 seconds [static dependencies only]. Details - ImportResultOutputID=31dbcc35cb4a73ea6030956ea7db751a DependenciesID=27414bdbbed17b7a807a6e1a4fcca72b StaticDependenciesID=7edcfaa57b5ea3369bd30d3873035a01 
Importing 'GUID: 3fdd83b151eb8d25c5e2f82fc39dcb04 - Path: Packages/com.unity.modules.unitywebrequest/package.json' with importer (PackageManifestImporter)
Imported 'GUID: 3fdd83b151eb8d25c5e2f82fc39dcb04' -> (Import Result ID: 'c68245ff0826f9a4fa4fa0561bfb2f02') in 0.000 seconds [static dependencies only]. Details - ImportResultOutputID=c13ec26173ba227a1aeac5bb32628a4d DependenciesID=69d13f3509f7f6b089e7f7b24875f1af StaticDependenciesID=d19176b56cadb92aee7fc6aff84059bb 
Importing 'GUID: 4f0f9b9f3ed97ad2b9ba8f1a8e4666c2 - Path: Packages/com.unity.modules.uielements/package.json' with importer (PackageManifestImporter)
Imported 'GUID: 4f0f9b9f3ed97ad2b9ba8f1a8e4666c2' -> (Import Result ID: '6b5a8f04c26a80459f771291ac4c43fd') in 0.000 seconds [static dependencies only]. Details - ImportResultOutputID=489e28235c392e68588be65be9a6f276 DependenciesID=e64877229d1bf6132adb1784c561562f StaticDependenciesID=e53ccce6bbded865bf9210b6f4e78f36 
Importing 'GUID: bfd567a3d1631a761bca9e99fa53d86d - Path: Packages/com.unity.modules.ui/package.json' with importer (PackageManifestImporter)
Imported 'GUID: bfd567a3d1631a761bca9e99fa53d86d' -> (Import Result ID: '9391677c7443e5f9875595f527f1fec2') in 0.000 seconds [static dependencies only]. Details - ImportResultOutputID=42a62d4f56a9235169f747082fd43e30 DependenciesID=fd70f845596a4bad303193d12306a770 StaticDependenciesID=f133bdc69ae49bc53683431f11853153 
Importing 'GUID: df0857f6a11054383be91b1f8e1b5800 - Path: Packages/com.unity.multiplayer.center/package.json' with importer (PackageManifestImporter)
Imported 'GUID: df0857f6a11054383be91b1f8e1b5800' -> (Import Result ID: 'b4058e1fbbab7e25e123cd778f772519') in 0.000 seconds [static dependencies only]. Details - ImportResultOutputID=56cb21bd62786f0bf6019a6ac763d7f4 DependenciesID=946e89713d6895eb9874952671d5bcb6 StaticDependenciesID=3322c79b966396e27c3e8477c8a822ef 
Importing 'GUID: f1ac2efb1bcd4dfd95dc196ed3c11367 - Path: Packages/com.unity.multiplayer.center/Editor/MultiplayerCenterWindow/UI/light.uss' with importer (ScriptedImporter : UnityEditor.CoreModule:UnityEditor.UIElements.StyleSheets:StyleSheetImporter)
Imported 'GUID: f1ac2efb1bcd4dfd95dc196ed3c11367' -> (Import Result ID: 'e79785092352525d498e2acd00f66fe6') in 0.035 seconds [static and dynamic dependencies]. Details - ImportResultOutputID=d933b28d171599f50d13b516109e7212 DependenciesID=eefa893d506261f438d5fa50aaa5e9f7 StaticDependenciesID=c0be29e7e0ff4bfa095da4fc1dc5bca1 
Importing 'GUID: 1984cd07fe96417f9e88f5771f6b4b32 - Path: Packages/com.unity.multiplayer.center/Editor/MultiplayerCenterWindow/UI/dark.uss' with importer (ScriptedImporter : UnityEditor.CoreModule:UnityEditor.UIElements.StyleSheets:StyleSheetImporter)
Imported 'GUID: 1984cd07fe96417f9e88f5771f6b4b32' -> (Import Result ID: 'f9cb7c837dad292f56634fe3f382065b') in 0.003 seconds [static and dynamic dependencies]. Details - ImportResultOutputID=8be4503d52b62d7392027baec0ba5f8a DependenciesID=02f17d16df9076fcda5410bf208c566e StaticDependenciesID=1bc9381b81c7badb9cb10e990eaf2cd8 
Importing 'GUID: bac00d6e07f0b4305bb395363c89d92b - Path: Packages/com.unity.multiplayer.center/Editor/MultiplayerCenterWindow/UI/MultiplayerCenterWindow.uss' with importer (ScriptedImporter : UnityEditor.CoreModule:UnityEditor.UIElements.StyleSheets:StyleSheetImporter)
Imported 'GUID: bac00d6e07f0b4305bb395363c89d92b' -> (Import Result ID: '69a6bf572b5a9b9809594125b5558102') in 0.022 seconds [static and dynamic dependencies]. Details - ImportResultOutputID=d6dfc469da9a8ffbb556776434abd32e DependenciesID=5acd57e08886106d7c4e0f49eb84da79 StaticDependenciesID=8d43e3a97bb0bfa224eb5b90fbf1805d 
Starting new worker id: 0 with log in /Users/elijahsaloma/Desktop/CC_CANOE_PROJECT/Logs/AssetImportWorkerHW0.log
Launching external process: /Applications/Unity/Hub/Editor/6000.5.10f1/Unity.app/Contents/Helpers/UnityShaderCompiler
Launched and connected shader compiler UnityShaderCompiler after 0.11 seconds
Loading style catalogs (6)
	StyleSheets/Extensions/base/common.uss
	UIPackageResources/StyleSheets/Default/Variables/Public/common.uss
	StyleSheets/Northstar/common.uss
	StyleSheets/Extensions/fonts/inter.uss
	StyleSheets/Extensions/base/dark.uss
	UIPackageResources/StyleSheets/Default/Northstar/Palette/dark.uss

Asset Pipeline Refresh (id=03ec8c2de7a5343d9aa169ff2107c7ef): Total: 7.816 seconds - Initiated by InitialRefreshV2(ForceSynchronousImport)
	(Values over 0.05ms)
	Summary:
		Imports: total=194 (actual=194, local cache=0, cache server=0)
		Asset DB Process Time: managed=4 ms, native=1066 ms
		Asset DB Callback time: managed=87 ms, native=2453 ms
		Scripting: domain reloads=1, domain reload time=360 ms, compile time=3841 ms, other=2 ms
		Project Asset Count: scripts=113, non-scripts=81
		Asset File Changes: new=256, changed=256, moved=0, deleted=0
		Scan Filter Count: 1
	InvokePackagesCallback: 1687.021ms
	ApplyChangesToAssetFolders: 0.301ms
	Scan: 60.563ms
	Collect global state as custom dependencies: 9.172ms
	OnSourceAssetsModified: 0.972ms
	CategorizeScriptCompilationAssets: 0.392ms
	ProcessAssetsWithTransientArtifactChanges: 0.702ms
	CategorizeAssets: 1.030ms
	CompileScripts: 3841.048ms
	ImportOutOfDateAssets: 975.136ms (318.281ms without children)
		ImportManagerImport: 654.821ms (90.192ms without children)
			UpdateCategorizedAssets: 0.319ms
		UnloadImportedAssets: 0.168ms
		ImportSchedulerStart: 1.832ms
	PostProcessAllAssets: 858.947ms
		AssemblyValidation.PostprocessAllAssets 0.558ms
		VersionControlSettings.HiddenFilePostprocess 0.534ms
		PostProcessCallbackCreateDeferredMaterials 0.307ms
		ShaderAssetModifiedCallback 0.278ms
		RaytracingShaderImportPostprocess 0.201ms
		ComputeShaderImportPostprocess 0.199ms
		LocalizationDatabase.AssetDatabasePostprocessCallback 0.165ms
		SpeedTreeImporter.PostprocessAllAssets 0.153ms
		BlockShaderImporter.PostprocessAllAssets 0.078ms
		MonoPostProcessAllAssets: 86.742ms
			StyleCatalogPostProcessor.OnPostprocessAllAssets 56.339ms
			AssetPostprocessor.OnPostprocessAllAssets 6.062ms
			WindowAssetPostprocessingWatcher.OnPostprocessAllAssets 5.515ms
			BuilderAssetPostprocessor.OnPostprocessAllAssets 4.245ms
			AssetChangedListener.OnPostprocessAllAssets 3.276ms
			TextAssetPostProcessor.OnPostprocessAllAssets 1.519ms
			RetainedModeAssetPostprocessor.OnPostprocessAllAssets 0.897ms
			SyncVS.PostprocessSyncProject 0.766ms
			EditModeScopePostprocessor.OnPostprocessAllAssets 0.523ms
			SpeedTree9Postprocessor.OnPostprocessAllAssets 0.489ms
			ArtifactBrowserPostProcessor.OnPostprocessAllAssets 0.335ms
			ReferencedClipsPostProcessor.OnPostprocessAllAssets 0.184ms
			AudioMixerPostprocessor.OnPostprocessAllAssets 0.172ms
			AssetEvents.OnPostprocessAllAssets 0.143ms
			TerrainToolbarOverlayPostProcessor.OnPostprocessAllAssets 0.135ms
			SpeedTreePostProcessor.OnPostprocessAllAssets 0.087ms
			AssetDatabaseCallbacks.OnPostprocessAllAssets 0.087ms
			ConfigAssetsTracker.OnPostprocessAllAssets 0.070ms
			ScenarioDriftAssetsTracker.OnPostprocessAllAssets 0.068ms
	PostAssetChangesProfiler: 1.591ms
	UnloadStreamsBegin: 2.472ms
	PersistCurrentRevisions: 0.131ms
	GenerateScriptTypeHashes: 0.075ms
	GenerateScriptTypeSerializationHashes: 0.192ms
	Untracked: 379.259ms

Application.AssetDatabase Initial Refresh End
Scanning for USB devices : 0.015ms
Initializing Unity extensions:
[MODES] ModeService[none].Initialize
[MODES] ModeService[none].LoadModes
[MODES] Loading mode Default (0) for mode-current-id-CC_CANOE_PROJECT
Unloading 3 Unused Serialized files (Serialized files now loaded: 0)
Unloading 76 unused Assets / (455.4 KB). Loaded Objects now: 897.
Memory consumption went from 381.2 MB to 380.8 MB.
Total: 4.953542 ms (FindLiveObjects: 0.032792 ms CreateObjectMapping: 0.005500 ms MarkObjects: 4.765916 ms  DeleteObjects: 0.148875 ms)

[LAYOUT] About to load /Users/elijahsaloma/Library/Preferences/Unity/Editor-5.x/Layouts/current/default-6000.dwlt, keepMainWindow=False
2026-09-16 15:51:24.424 Unity[29650:1457199] CAMetalLayer ignoring invalid setDrawableSize width=0.000000 height=0.000000
2026-09-16 15:51:24.426 Unity[29650:1457199] CAMetalLayer ignoring invalid setDrawableSize width=0.000000 height=0.000000
2026-09-16 15:51:24.426 Unity[29650:1457199] CAMetalLayer ignoring invalid setDrawableSize width=0.000000 height=0.000000
2026-09-16 15:51:24.426 Unity[29650:1457199] CAMetalLayer ignoring invalid setDrawableSize width=0.000000 height=0.000000
2026-09-16 15:51:24.426 Unity[29650:1457199] CAMetalLayer ignoring invalid setDrawableSize width=0.000000 height=0.000000
2026-09-16 15:51:24.426 Unity[29650:1457199] CAMetalLayer ignoring invalid setDrawableSize width=0.000000 height=0.000000
2026-09-16 15:51:24.427 Unity[29650:1457199] CAMetalLayer ignoring invalid setDrawableSize width=0.000000 height=0.000000
2026-09-16 15:51:24.427 Unity[29650:1457199] CAMetalLayer ignoring invalid setDrawableSize width=0.000000 height=0.000000
Worker ready: AssetImportWorkerHW0 0
2026-09-16 15:51:24.996 Unity[29650:1457199] CAMetalLayer ignoring invalid setDrawableSize width=0.000000 height=0.000000
2026-09-16 15:51:24.996 Unity[29650:1457199] CAMetalLayer ignoring invalid setDrawableSize width=0.000000 height=0.000000
2026-09-16 15:51:25.012 Unity[29650:1457199] CAMetalLayer ignoring invalid setDrawableSize width=0.000000 height=0.000000
2026-09-16 15:51:25.013 Unity[29650:1457199] CAMetalLayer ignoring invalid setDrawableSize width=0.000000 height=0.000000
2026-09-16 15:51:25.013 Unity[29650:1457199] CAMetalLayer ignoring invalid setDrawableSize width=0.000000 height=0.000000
2026-09-16 15:51:25.013 Unity[29650:1457199] CAMetalLayer ignoring invalid setDrawableSize width=0.000000 height=0.000000
2026-09-16 15:51:25.018 Unity[29650:1457199] CAMetalLayer ignoring invalid setDrawableSize width=0.000000 height=0.000000
2026-09-16 15:51:25.021 Unity[29650:1457199] CAMetalLayer ignoring invalid setDrawableSize width=0.000000 height=0.000000
[LAYOUT] About to save layout /Users/elijahsaloma/Desktop/CC_CANOE_PROJECT/UserSettings/Layouts/default-6000.dwlt
[LAYOUT] About to save layout /Users/elijahsaloma/Library/Preferences/Unity/Editor-5.x/Layouts/current/default-6000.dwlt
[MODES] ModeService[default].InitializeCurrentMode
[MODES] ModeService[default].RaiseModeChanged(default, default)
This project uses Input Manager, which is marked for deprecation. To manage input in your project, use the <a href="https://docs.unity3d.com/Packages/com.unity.inputsystem@latest">Input System package</a> instead.
[Project] Loading completed in 26.569 seconds
	Project init time: 				25.603 seconds
		Template init time: 		0.000 seconds
		Package Manager init time: 		0.002 seconds
		Asset Database init time: 		13.602 seconds
		Global illumination init time: 	0.001 seconds
		Assemblies load time: 			1.115 seconds
		Unity extensions init time: 	0.000 seconds
		Asset Database refresh time: 	7.817 seconds
	Scene opening time: 			0.727 seconds
##utp:{"type":"ProjectInfo","version":2,"phase":"Immediate","time":1789609885103,"processId":29650,"projectLoad":26.569158333,"projectInit":25.602706542,"templateInit":0.0,"packageManagerInit":0.001552292,"assetDatabaseInit":13.601972167,"globalIlluminationInit":0.000618208,"assembliesLoad":1.114539375,"unityExtensionsInit":0.000246375,"assetDatabaseRefresh":7.817238416,"sceneOpening":0.727467708}
##utp:{"type":"EditorInfo","version":2,"phase":"Immediate","time":1789609885103,"processId":29650,"editorVersion":"6000.5.10f1 (3bd4f66ad299)","branch":"6000.5/staging","buildType":"Release","platform":"OSX"}
Subscribe to USB device events
[MODES] ModeService[default].LoadModes
Dynamic Batching is deprecated and will be removed in a future release. Use GPU Instancing instead. Disable Dynamic Batching in Project Settings > Player > Other Settings to remove this warning.
UnityEngine.Debug:ExtractStackTraceNoAlloc (byte*,int,string)
UnityEngine.StackTraceUtility:ExtractStackTrace () (at /Users/bokken/build/output/unity/unity/Runtime/Export/Scripting/StackTrace.cs:35)
UnityEngine.DebugLogHandler:Internal_Log (UnityEngine.LogType,UnityEngine.LogOption,string,UnityEngine.Object)
UnityEngine.DebugLogHandler:LogFormat (UnityEngine.LogType,UnityEngine.Object,string,object[])
UnityEngine.Logger:Log (UnityEngine.LogType,object)
UnityEngine.Debug:LogWarning (object)
UnityEditor.PlayerSettingsBatchingWarning:WarnIfDynamicBatchingEnabled () (at /Users/bokken/build/output/unity/unity/Editor/Mono/Inspector/PlayerSettingsEditor/PlayerSettingsBatchingWarning.cs:45)
UnityEditor.EditorApplication:Internal_CallUpdateFunctions () (at /Users/bokken/build/output/unity/unity/Editor/Mono/EditorApplication.cs:403)

(Filename: /Users/bokken/build/output/unity/unity/Editor/Mono/Inspector/PlayerSettingsEditor/PlayerSettingsBatchingWarning.cs Line: 45)

Start Indexing on Editor startup
[Indexing] Starting Initial Indexing for Assets
-- Listing OpenCL platforms(s) --
 * OpenCL platform 0
	PROFILE = FULL_PROFILE
	VERSION = OpenCL 1.2 (Jul 26 2024 22:06:31)
	NAME = Apple
	VENDOR = Apple
-- Listing OpenCL device(s) --
 * OpenCL platform 0, device 0 
	DEVICE_TYPE = 4
	DEVICE_NAME = Apple M2
	DEVICE_VENDOR = Apple
	DEVICE_VERSION = OpenCL 1.2 
	DRIVER_VERSION = 1.2 1.0
	DEVICE_MAX_COMPUTE_UNITS = 10
	DEVICE_MAX_CLOCK_FREQUENCY = 1000
	CL_DEVICE_MAX_CONSTANT_BUFFER_SIZE = 1073741824
	CL_DEVICE_HOST_UNIFIED_MEMORY = true
	CL_DEVICE_MAX_MEM_ALLOC_SIZE = 2147483648
	DEVICE_GLOBAL_MEM_SIZE = 11453251584
Created GICache directory at /Users/elijahsaloma/Library/Caches/com.unity3d.UnityEditor/GiCache. Took: 0.009s, timestamps: [26.583 - 26.592]
Starting new worker id: 1 with log in /Users/elijahsaloma/Desktop/CC_CANOE_PROJECT/Logs/AssetImportWorkerHW1.log
[Licensing::Client] Successfully resolved entitlement details
[Worker0] Imported GUID: 23032f4383e95e772bce465c5896d0fd - Path: Packages/com.unity.modules.terrain/package.ModuleCompilationTrigger - Importer: ScriptedImporter/UnityEditor.QuickSearchModule:UnityEditor.Search:ASIAI0B -> (ImportResultId: '93470caeb1d1dadf889bad9f7ada8c06') in 0.043177834 seconds
[Worker0] Imported GUID: 8a752aaaadd2410dd9a84e01c1bace9f - Path: Packages/com.unity.modules.uielements/package.ModuleCompilationTrigger - Importer: ScriptedImporter/UnityEditor.QuickSearchModule:UnityEditor.Search:ASIAI0B -> (ImportResultId: 'a0122cd49fe6353f794ced87cde3cdd6') in 0.001137042 seconds
[Worker0] Imported GUID: 54407f5deee4439eb1885bee01956e9c - Path: Packages/com.unity.multiplayer.center/Editor/Analytics/AnalyticsUtils.cs - Importer: ScriptedImporter/UnityEditor.QuickSearchModule:UnityEditor.Search:ASIAI0B -> (ImportResultId: '323e57a89979bbc28dec02ae20fe35c9') in 0.01068675 seconds
[Worker0] Imported GUID: 1bd8e2f47a6c4478ab8f0ade7687e79b - Path: Packages/com.unity.multiplayer.center/Common/IOnboardingSection.cs - Importer: ScriptedImporter/UnityEditor.QuickSearchModule:UnityEditor.Search:ASIAI0B -> (ImportResultId: '76b0fa41a6bd2b830014f4c7293f7f8f') in 0.00099575 seconds
[Worker0] Imported GUID: be13c398521e3c1ad21fb9da30ab2ab6 - Path: Packages/com.unity.modules.imgui/package.ModuleCompilationTrigger - Importer: ScriptedImporter/UnityEditor.QuickSearchModule:UnityEditor.Search:ASIAI0B -> (ImportResultId: '5866723ddcc5f7b6185b15690e09382a') in 0.000788167 seconds
[Licensing::Client] Successfully resolved entitlement details
[Worker0] Imported GUID: 6d56244f8c39a851975d3c0bd432c66f - Path: Packages/com.unity.modules.terrain/package.json - Importer: ScriptedImporter/UnityEditor.QuickSearchModule:UnityEditor.Search:ASIAI0B -> (ImportResultId: 'f669644400993820d287e2173c4f2f03') in 0.00081025 seconds
[Worker0] Imported GUID: 4f0f9b9f3ed97ad2b9ba8f1a8e4666c2 - Path: Packages/com.unity.modules.uielements/package.json - Importer: ScriptedImporter/UnityEditor.QuickSearchModule:UnityEditor.Search:ASIAI0B -> (ImportResultId: '581df8e7b328aced25bddbb00e2e6bc3') in 0.000758209 seconds
[Worker0] Imported GUID: 833328f3bcf144cc94f92e286e86b427 - Path: Packages/com.unity.multiplayer.center/Common/IOnboardingSectionAnalyticsProvider.cs - Importer: ScriptedImporter/UnityEditor.QuickSearchModule:UnityEditor.Search:ASIAI0B -> (ImportResultId: '842e6ea1b61db53e36adab19300c97ca') in 0.0008655 seconds
[Worker0] Imported GUID: 222fc39b0c85d800342910da2cd64781 - Path: Packages/com.unity.modules.assetbundle/package.ModuleCompilationTrigger - Importer: ScriptedImporter/UnityEditor.QuickSearchModule:UnityEditor.Search:ASIAI0B -> (ImportResultId: 'bbfbc2b454e3550722bd07b9e087d1cc') in 0.00246675 seconds
[Worker0] Imported GUID: e1ef8466c8fd01a549f10baa4d51fa17 - Path: Packages/com.unity.modules.assetbundle/package.json - Importer: ScriptedImporter/UnityEditor.QuickSearchModule:UnityEditor.Search:ASIAI0B -> (ImportResultId: '4b8bf80fd634c7cc25d47bb69ae1b414') in 0.000645917 seconds
[Worker0] Imported GUID: e9df95f53f1c1d0c9199e235d6c42b50 - Path: Packages/com.unity.modules.audio/package.json - Importer: ScriptedImporter/UnityEditor.QuickSearchModule:UnityEditor.Search:ASIAI0B -> (ImportResultId: '0bc4f3fb76e3dc787648d08d6afe8e50') in 0.000792042 seconds
[Worker0] Imported GUID: 2c814623cb42764d304be0c5ddd03ceb - Path: Packages/com.unity.modules.xr/package.json - Importer: ScriptedImporter/UnityEditor.QuickSearchModule:UnityEditor.Search:ASIAI0B -> (ImportResultId: '437e24ac75018fb69a044c17a695b4b8') in 0.000611542 seconds
[Worker0] Imported GUID: c359bcaf4a0bc4040aac650bf14ec619 - Path: Packages/com.unity.multiplayer.center/README.md - Importer: ScriptedImporter/UnityEditor.QuickSearchModule:UnityEditor.Search:ASIAI0B -> (ImportResultId: '76260d4830f8122ee7abe3512b0c4726') in 0.000802 seconds
[Worker0] Imported GUID: 89b6d933e4994d0980f6b48dc2b8779c - Path: Packages/com.unity.multiplayer.center/Common/AnswerData.cs - Importer: ScriptedImporter/UnityEditor.QuickSearchModule:UnityEditor.Search:ASIAI0B -> (ImportResultId: '98b11828ece07c56c7263cb08add4000') in 0.000695208 seconds
[Worker0] Imported GUID: 553737203d61a8109f9544a97201e1aa - Path: Packages/com.unity.modules.unitywebrequestaudio/package.ModuleCompilationTrigger - Importer: ScriptedImporter/UnityEditor.QuickSearchModule:UnityEditor.Search:ASIAI0B -> (ImportResultId: '17eb89a854f1794be1c6ca1a7ff05a16') in 0.0006545 seconds
[Worker0] Imported GUID: 0a9ab22e4e004c7db707338bccb538b9 - Path: Packages/com.unity.multiplayer.center/Common/Preset.cs - Importer: ScriptedImporter/UnityEditor.QuickSearchModule:UnityEditor.Search:ASIAI0B -> (ImportResultId: '6faadd23d17fda6d1cbe53380e2384aa') in 0.000622875 seconds
[Worker0] Imported GUID: 50d5ff9fe4ab4477b7ea648da183e9d1 - Path: Packages/com.unity.multiplayer.center/Common/StyleConstants.cs - Importer: ScriptedImporter/UnityEditor.QuickSearchModule:UnityEditor.Search:ASIAI0B -> (ImportResultId: '44af6ad1dde94d63180656916467fc91') in 0.000727875 seconds
[Worker0] Imported GUID: c7a8b0317f4e68556d7509828e9e211e - Path: Packages/com.unity.modules.xr/package.ModuleCompilationTrigger - Importer: ScriptedImporter/UnityEditor.QuickSearchModule:UnityEditor.Search:ASIAI0B -> (ImportResultId: '5aab296976c1378d511b5254c7560295') in 0.000686458 seconds
[Worker0] Imported GUID: 185e678d90804a8a85ab38276eca86fb - Path: Packages/com.unity.multiplayer.center/Editor/Analytics/MultiplayerCenterAnalytics.cs - Importer: ScriptedImporter/UnityEditor.QuickSearchModule:UnityEditor.Search:ASIAI0B -> (ImportResultId: 'ef91dac9669af619aae536e0c0c7de9f') in 0.000649875 seconds
[Worker0] Imported GUID: 70554f6c9e4114e1084bb38f9ea400ce - Path: Packages/com.unity.multiplayer.center/LICENSE.md - Importer: ScriptedImporter/UnityEditor.QuickSearchModule:UnityEditor.Search:ASIAI0B -> (ImportResultId: 'd36ee9f89e8f136db97f85cf98af1655') in 0.000747041 seconds
[Worker0] Imported GUID: 80beef77cb19e713c7c2d481b65ed485 - Path: Packages/com.unity.modules.screencapture/package.json - Importer: ScriptedImporter/UnityEditor.QuickSearchModule:UnityEditor.Search:ASIAI0B -> (ImportResultId: '4791e8ae50d45f67eb9b537f17b4afba') in 0.000613083 seconds
[Worker0] Imported GUID: df0857f6a11054383be91b1f8e1b5800 - Path: Packages/com.unity.multiplayer.center/package.json - Importer: ScriptedImporter/UnityEditor.QuickSearchModule:UnityEditor.Search:ASIAI0B -> (ImportResultId: '86487f88aaae5fae643ebac5525f6b3b') in 0.00071225 seconds
[Worker0] Imported GUID: be17709716f1648caa5de6d0c38103ed - Path: Packages/com.unity.multiplayer.center/Editor/Unity.Multiplayer.Center.Editor.asmdef - Importer: ScriptedImporter/UnityEditor.QuickSearchModule:UnityEditor.Search:ASIAI0B -> (ImportResultId: '2e13e10e8c70df3615d71983eb1db77c') in 0.001523334 seconds
[Worker0] Imported GUID: ae87256f29d9c8b50490f4caf75b2c41 - Path: Packages/com.unity.modules.unitywebrequestwww/package.ModuleCompilationTrigger - Importer: ScriptedImporter/UnityEditor.QuickSearchModule:UnityEditor.Search:ASIAI0B -> (ImportResultId: '53f384a4ff3eea2a4df297b25cd1519a') in 0.000744208 seconds
[Worker0] Imported GUID: 676a3852811f4199813ce7f6dbac6880 - Path: Packages/com.unity.multiplayer.center/Editor/Features/PackageManagement.cs - Importer: ScriptedImporter/UnityEditor.QuickSearchModule:UnityEditor.Search:ASIAI0B -> (ImportResultId: 'fb4ae729f22f7ad135e5f20047c8d1db') in 0.000673292 seconds
[Worker0] Imported GUID: 052c764978664486a9c04518899ddf57 - Path: Packages/com.unity.multiplayer.center/Editor/MultiplayerCenterWindow/RecommendationTabView.cs - Importer: ScriptedImporter/UnityEditor.QuickSearchModule:UnityEditor.Search:ASIAI0B -> (ImportResultId: '733af59d06d9837983f9eee51abe3a4f') in 0.00070425 seconds
[Worker0] Imported GUID: a31a332ce3485f00f7df8d987302a29c - Path: Packages/com.unity.modules.unitywebrequesttexture/package.ModuleCompilationTrigger - Importer: ScriptedImporter/UnityEditor.QuickSearchModule:UnityEditor.Search:ASIAI0B -> (ImportResultId: 'e81559541f151ef6c15840bad5302c0c') in 0.000619667 seconds
[Worker0] Imported GUID: d1084186a4004823abee9b87c8ddf198 - Path: Packages/com.unity.multiplayer.center/Editor/MultiplayerCenterWindow/RecommendationViewBottomBar.cs - Importer: ScriptedImporter/UnityEditor.QuickSearchModule:UnityEditor.Search:ASIAI0B -> (ImportResultId: '3e6c9a9ed2091b6f6532838cba4a0397') in 0.000728458 seconds
[Worker0] Imported GUID: d85e5eeaf8f135aeaaebdc8aa3cff6c3 - Path: Packages/com.unity.modules.umbra/package.json - Importer: ScriptedImporter/UnityEditor.QuickSearchModule:UnityEditor.Search:ASIAI0B -> (ImportResultId: '060162f3c720459aa9007c2e057ba31d') in 0.000669333 seconds
[Worker0] Imported GUID: 84abd2ab34a74600a33a3bb9d72859fe - Path: Packages/com.unity.multiplayer.center/Common/Unity.Multiplayer.Center.Common.asmdef - Importer: ScriptedImporter/UnityEditor.QuickSearchModule:UnityEditor.Search:ASIAI0B -> (ImportResultId: 'd730e57616f97c97d0379df67617d6bd') in 0.0006685 seconds
[Worker0] Imported GUID: 4b518b37798c97b0f860962cbf615533 - Path: Packages/com.unity.modules.unitywebrequestaudio/package.json - Importer: ScriptedImporter/UnityEditor.QuickSearchModule:UnityEditor.Search:ASIAI0B -> (ImportResultId: '2dceaa209ec18a6e99c89ffc1e615dd4') in 0.000580917 seconds
[Worker0] Imported GUID: ec737041edec4a5b93f7953a6ffe9f06 - Path: Packages/com.unity.multiplayer.center/Common/SelectedSolutionsData.cs - Importer: ScriptedImporter/UnityEditor.QuickSearchModule:UnityEditor.Search:ASIAI0B -> (ImportResultId: '4cc0e177dc43fa8a4546f623072d99b0') in 0.000854291 seconds
[Worker0] Imported GUID: b5930dbc378b45d406aeb881f06b6dfa - Path: Packages/com.unity.modules.physicscore2d/package.json - Importer: ScriptedImporter/UnityEditor.QuickSearchModule:UnityEditor.Search:ASIAI0B -> (ImportResultId: 'feda7df026a17064676d3b56d15bff50') in 0.000752125 seconds
[Worker0] Imported GUID: a1c42005fe7c5d78585a77ce396a5eea - Path: Packages/com.unity.modules.tilemap/package.ModuleCompilationTrigger - Importer: ScriptedImporter/UnityEditor.QuickSearchModule:UnityEditor.Search:ASIAI0B -> (ImportResultId: '63e4080ff0aa34244b5402b026c95a93') in 0.000648917 seconds
[Worker0] Imported GUID: e9faa4a7023c43c5805642250c703f48 - Path: Packages/com.unity.multiplayer.center/Editor/Analytics/OnboardingSectionAnalyticsProvider.cs - Importer: ScriptedImporter/UnityEditor.QuickSearchModule:UnityEditor.Search:ASIAI0B -> (ImportResultId: 'a9e5116ee944887955507cef9aea43f0') in 0.000827458 seconds
[Worker0] Imported GUID: fcbb62ff857b4cf49e74f5f9aca6e8d6 - Path: Packages/com.unity.multiplayer.center/Editor/OnBoarding/SectionsFinder.cs - Importer: ScriptedImporter/UnityEditor.QuickSearchModule:UnityEditor.Search:ASIAI0B -> (ImportResultId: '61f3fde611b8b88c28f8353fe03fe738') in 0.001485375 seconds
[Worker0] Imported GUID: cbb1a39d56ce4d9ac1a46ac505893fa7 - Path: Packages/com.unity.modules.terrainphysics/package.ModuleCompilationTrigger - Importer: ScriptedImporter/UnityEditor.QuickSearchModule:UnityEditor.Search:ASIAI0B -> (ImportResultId: '8379791d0eeb90c4aea1c88c2818f97c') in 0.000744875 seconds
[Worker0] Imported GUID: cd561f5f687aed43bf280c27a84f79e3 - Path: Packages/com.unity.modules.screencapture/package.ModuleCompilationTrigger - Importer: ScriptedImporter/UnityEditor.QuickSearchModule:UnityEditor.Search:ASIAI0B -> (ImportResultId: 'e82e1e0f6bf83952004d1a2bbd9c7e15') in 0.001272875 seconds
[Worker0] Imported GUID: 1b6246f2248883964991eac9e9b4817c - Path: Packages/com.unity.modules.umbra/package.ModuleCompilationTrigger - Importer: ScriptedImporter/UnityEditor.QuickSearchModule:UnityEditor.Search:ASIAI0B -> (ImportResultId: '202e4da760849d152f7e7c6cc7edf5e3') in 0.00072125 seconds
[Worker0] Imported GUID: c8f6fa942856442b8bd72594d3ce7363 - Path: Packages/com.unity.multiplayer.center/Third Party Notices.md - Importer: ScriptedImporter/UnityEditor.QuickSearchModule:UnityEditor.Search:ASIAI0B -> (ImportResultId: '342913d7f545a690596347d12e671343') in 0.000676209 seconds
[Worker0] Imported GUID: 40bf3cec17fa0b49fe04443c8332d638 - Path: Packages/com.unity.modules.jsonserialize/package.json - Importer: ScriptedImporter/UnityEditor.QuickSearchModule:UnityEditor.Search:ASIAI0B -> (ImportResultId: '060e786fcbd41cebe72fbf7fff22e91f') in 0.001916542 seconds
[Worker0] Imported GUID: 042dc296246916648e55a43d0eeb2036 - Path: Packages/com.unity.modules.audio/package.ModuleCompilationTrigger - Importer: ScriptedImporter/UnityEditor.QuickSearchModule:UnityEditor.Search:ASIAI0B -> (ImportResultId: '7cdf228062688ba120ddd6d2516f72e8') in 0.000838458 seconds
[Worker0] Imported GUID: d3cbe921f7b3d9a3257e7c61a5761796 - Path: Packages/com.unity.modules.terrainphysics/package.json - Importer: ScriptedImporter/UnityEditor.QuickSearchModule:UnityEditor.Search:ASIAI0B -> (ImportResultId: '243e84a0e2a140440bd8e1b69c955ea3') in 0.000658292 seconds
[Worker0] Imported GUID: 14e86f88e9a8c9c448d7e7df92f2aeec - Path: Packages/com.unity.modules.physicscore2d/package.ModuleCompilationTrigger - Importer: ScriptedImporter/UnityEditor.QuickSearchModule:UnityEditor.Search:ASIAI0B -> (ImportResultId: '3b5b940a485407d2c3b3821b3b9f4e23') in 0.000701583 seconds
[Worker0] Imported GUID: 51566b3736df4282bbe76645014b0cc5 - Path: Packages/com.unity.multiplayer.center/Editor/AssemblyInfo.cs - Importer: ScriptedImporter/UnityEditor.QuickSearchModule:UnityEditor.Search:ASIAI0B -> (ImportResultId: 'eaa2a7a99f23d811f660c27e8d45bf92') in 0.00067375 seconds
[Worker0] Imported GUID: 4cee1dc929764056ac40ece91efef712 - Path: Packages/com.unity.multiplayer.center/Editor/Analytics/AnalyticsData.cs - Importer: ScriptedImporter/UnityEditor.QuickSearchModule:UnityEditor.Search:ASIAI0B -> (ImportResultId: 'd9c874a3d6694d8af3477500ec9a8938') in 0.000672167 seconds
[Worker0] Imported GUID: d0e3ad91972c66f5238f5b9b7d5ae58a - Path: Packages/com.unity.modules.unitywebrequesttexture/package.json - Importer: ScriptedImporter/UnityEditor.QuickSearchModule:UnityEditor.Search:ASIAI0B -> (ImportResultId: '800517eb35afa56e7cfa7a1a2a72a020') in 0.000626958 seconds
[Worker0] Imported GUID: 3bbd27b3dd7be4a74aeab8da6b0af5cc - Path: Packages/com.unity.multiplayer.center/CHANGELOG.md - Importer: ScriptedImporter/UnityEditor.QuickSearchModule:UnityEditor.Search:ASIAI0B -> (ImportResultId: 'ccf795640b991f95898b7b3f4ce05585') in 0.000624917 seconds
[Worker0] Imported GUID: 42fe78c8fe682715a2cb531422e6ccb3 - Path: Packages/com.unity.modules.imgui/package.json - Importer: ScriptedImporter/UnityEditor.QuickSearchModule:UnityEditor.Search:ASIAI0B -> (ImportResultId: '379294a5683a3db6bf2d82c0267dd285') in 0.000604417 seconds
[Worker0] Imported GUID: dd20f32039084a12a8e48dffd4d58f48 - Path: Packages/com.unity.multiplayer.center/Editor/Analytics/DebugAnalytics.cs - Importer: ScriptedImporter/UnityEditor.QuickSearchModule:UnityEditor.Search:ASIAI0B -> (ImportResultId: '977052b46a8f72bd4ac260c7a5caa81f') in 0.000792666 seconds
[Worker0] Imported GUID: e6a135e3ea9cb46795d1b0e05ac3e1e5 - Path: Packages/com.unity.modules.jsonserialize/package.ModuleCompilationTrigger - Importer: ScriptedImporter/UnityEditor.QuickSearchModule:UnityEditor.Search:ASIAI0B -> (ImportResultId: '483f566fc48e57028d364ec509edef58') in 0.000701333 seconds
[Worker0] Imported GUID: 71136fc5cf34f2cc10be0e33c0b08019 - Path: Packages/com.unity.modules.unityanalytics/package.ModuleCompilationTrigger - Importer: ScriptedImporter/UnityEditor.QuickSearchModule:UnityEditor.Search:ASIAI0B -> (ImportResultId: '89204f77cbb312e1f33782ccf1215cad') in 0.000646833 seconds
[Worker0] Imported GUID: 8bce0b24c28e45d884acfcf49a3b8945 - Path: Packages/com.unity.multiplayer.center/Editor/Analytics/MultiplayerCenterAnalyticsFactory.cs - Importer: ScriptedImporter/UnityEditor.QuickSearchModule:UnityEditor.Search:ASIAI0B -> (ImportResultId: '3f13d5cf930b5624a9629e673ecd08cd') in 0.00068675 seconds
[Licensing::Client] Successfully updated the access token
[Licensing::Module] Successfully updated access token: "NvwWMysg"... (expires: 2026-09-17T03:26:54Z)
[Worker0] Imported GUID: fa27413e9edb06a6058d6c894eca0338 - Path: Packages/com.unity.modules.unitywebrequestwww/package.json - Importer: ScriptedImporter/UnityEditor.QuickSearchModule:UnityEditor.Search:ASIAI0B -> (ImportResultId: 'ed398f6fe99b9f3044d8f8057a2d193e') in 0.00084075 seconds
[Worker0] Imported GUID: d2c2caab1f2642afa6c07dec054fd34f - Path: Packages/com.unity.multiplayer.center/Editor/OnBoarding/GettingStartedTabView.cs - Importer: ScriptedImporter/UnityEditor.QuickSearchModule:UnityEditor.Search:ASIAI0B -> (ImportResultId: 'e56aa97b3b7d5d0428180af6e6f791b5') in 0.00069375 seconds
[Worker0] Imported GUID: 322b0121d39f45208a3d933e6926a9d8 - Path: Packages/com.unity.multiplayer.center/Editor/OnBoarding/QuickstartPackageHandling.cs - Importer: ScriptedImporter/UnityEditor.QuickSearchModule:UnityEditor.Search:ASIAI0B -> (ImportResultId: '8c3f2b071243b1bead5d6347f24a9be6') in 0.000615167 seconds
[Worker0] Imported GUID: 26a4f29db434fd79025c91f6126382cc - Path: Packages/com.unity.modules.unityanalytics/package.json - Importer: ScriptedImporter/UnityEditor.QuickSearchModule:UnityEditor.Search:ASIAI0B -> (ImportResultId: '4810428223fe8a809dc45b3be3cee4bf') in 0.000601167 seconds
[Worker0] Imported GUID: 7e006510f5f4425ca971c7de0bfbb77a - Path: Packages/com.unity.multiplayer.center/Editor/MultiplayerCenterWindow/MultiplayerCenterWindow.cs - Importer: ScriptedImporter/UnityEditor.QuickSearchModule:UnityEditor.Search:ASIAI0B -> (ImportResultId: '66e6f52938d4e5582ca27b00e47153b7') in 0.000741916 seconds
[Worker0] Imported GUID: fdefed6b790f4373b0feb7d25854d8ac - Path: Packages/com.unity.multiplayer.center/Editor/MultiplayerCenterWindow/TabGroup.cs - Importer: ScriptedImporter/UnityEditor.QuickSearchModule:UnityEditor.Search:ASIAI0B -> (ImportResultId: '35a1dea90a0051848af6d40651b62589') in 0.000682042 seconds
[Worker0] Imported GUID: 92a378669877c05c6071d0fed687bb95 - Path: Packages/com.unity.modules.tilemap/package.json - Importer: ScriptedImporter/UnityEditor.QuickSearchModule:UnityEditor.Search:ASIAI0B -> (ImportResultId: '87cfcd35e2da50217cba77c486329082') in 0.000601542 seconds
[Worker0] Imported GUID: 157e1606dfbd48dda6f01acbf49435b0 - Path: Packages/com.unity.multiplayer.center/Editor/MultiplayerCenterWindow/UI/QuestionSection.cs - Importer: ScriptedImporter/UnityEditor.QuickSearchModule:UnityEditor.Search:ASIAI0B -> (ImportResultId: 'a935a60a0671a1f04123f3292c11deaa') in 0.001310958 seconds
[Worker0] Imported GUID: ca560c7d2a0d4453a50ec4f704ce9ce1 - Path: Packages/com.unity.multiplayer.center/Tests/Editor/UtilsForRecommendationTests.cs - Importer: ScriptedImporter/UnityEditor.QuickSearchModule:UnityEditor.Search:ASIAI0B -> (ImportResultId: 'ac8391337f2fa8bb62a2abf3be43415f') in 0.001553666 seconds
[Worker0] Imported GUID: 29cbd1c6a8c9419aac357b8d4edbdc84 - Path: Packages/com.unity.multiplayer.center/Tests/Editor/QuickstartTabTests.cs - Importer: ScriptedImporter/UnityEditor.QuickSearchModule:UnityEditor.Search:ASIAI0B -> (ImportResultId: '5f73c5668b6a7a9bd9164cbf5025a431') in 0.000876208 seconds
[Worker0] Imported GUID: 3595bcaa1af84e6d92e07f0258a4256c - Path: Packages/com.unity.multiplayer.center/Editor/Questionnaire/PresetData.cs - Importer: ScriptedImporter/UnityEditor.QuickSearchModule:UnityEditor.Search:ASIAI0B -> (ImportResultId: '306b3c48e79a7e9f57eb767f53115df7') in 0.000816917 seconds
[Worker0] Imported GUID: cfc5ccd4416341629caf73dd3e318aac - Path: Packages/com.unity.multiplayer.center/Tests/Editor/UtilsForMultiplayerCenterTests.cs - Importer: ScriptedImporter/UnityEditor.QuickSearchModule:UnityEditor.Search:ASIAI0B -> (ImportResultId: '0b95e33cfc0e2f3ad645b0d2d6efcba6') in 0.000786875 seconds
[Worker0] Imported GUID: 1c3db2c484234a94a19c3acdc2539575 - Path: Packages/com.unity.multiplayer.center/Editor/MultiplayerCenterWindow/UI/StyleClasses.cs - Importer: ScriptedImporter/UnityEditor.QuickSearchModule:UnityEditor.Search:ASIAI0B -> (ImportResultId: '7efbd34e82abf2bd4f94c5a9bc0b4da0') in 0.000840375 seconds
[Worker0] Imported GUID: ad1d29f4654194951a3c8bf507914d05 - Path: Packages/com.unity.multiplayer.center/Editor/MultiplayerCenterWindow/UI/Icons/CloudCode.png - Importer: ScriptedImporter/UnityEditor.QuickSearchModule:UnityEditor.Search:ASIAI0B -> (ImportResultId: '329285319100562d9bed879dc83e7c97') in 0.027983583 seconds
[Worker0] Imported GUID: f1ac2efb1bcd4dfd95dc196ed3c11367 - Path: Packages/com.unity.multiplayer.center/Editor/MultiplayerCenterWindow/UI/light.uss - Importer: ScriptedImporter/UnityEditor.QuickSearchModule:UnityEditor.Search:ASIAI0B -> (ImportResultId: 'e08f9b20b6d94efab5b26e513dc27da0') in 0.013896709 seconds
[Worker0] Imported GUID: d7711b0cc806d430b8a95f1e33ec3649 - Path: Packages/com.unity.multiplayer.center/Editor/MultiplayerCenterWindow/UI/Icons/CustomNetcode@2x.png - Importer: ScriptedImporter/UnityEditor.QuickSearchModule:UnityEditor.Search:ASIAI0B -> (ImportResultId: 'a4e093586dda63328b35b05d26838c05') in 0.002844333 seconds
[Worker0] Imported GUID: 7ca5cd79ef39442e599efb761abcbaac - Path: Packages/com.unity.multiplayer.center/Editor/Questionnaire/QuestionnaireData.cs - Importer: ScriptedImporter/UnityEditor.QuickSearchModule:UnityEditor.Search:ASIAI0B -> (ImportResultId: '104af47140df687a7278ddca72a5d38f') in 0.000851125 seconds
[Worker0] Imported GUID: 787ec048daec145b580d1134da5dd278 - Path: Packages/com.unity.multiplayer.center/Tests/Editor/Unity.Multiplayer.Center.Editor.Tests.asmdef - Importer: ScriptedImporter/UnityEditor.QuickSearchModule:UnityEditor.Search:ASIAI0B -> (ImportResultId: '9dbc99aeba5a59c9b7ce4d6da2b4951e') in 0.0012755 seconds
[Worker0] Imported GUID: c2c1cf24bea5410ea530b2c8a875b293 - Path: Packages/com.unity.multiplayer.center/Tests/Editor/AnalyticsUtilsTests.cs - Importer: ScriptedImporter/UnityEditor.QuickSearchModule:UnityEditor.Search:ASIAI0B -> (ImportResultId: '69ba0dfaef3231aff3e99ec1ae8e9a9b') in 0.000810917 seconds
[Worker0] Imported GUID: 0d9328c739784454ad03d404f395a0ab - Path: Packages/com.unity.multiplayer.center/Editor/MultiplayerCenterWindow/UI/ViewUtils.cs - Importer: ScriptedImporter/UnityEditor.QuickSearchModule:UnityEditor.Search:ASIAI0B -> (ImportResultId: '34000e08c287570354b1309110ea7553') in 0.000788333 seconds
[Worker0] Imported GUID: 36b51591e13f48b5bed734724d149fb4 - Path: Packages/com.unity.multiplayer.center/Tests/Editor/RecommendationAnalyticsTests.cs - Importer: ScriptedImporter/UnityEditor.QuickSearchModule:UnityEditor.Search:ASIAI0B -> (ImportResultId: '720b18764728060b84d85176998e4b52') in 0.000742542 seconds
[Worker0] Imported GUID: 8110dd6ddbc04e58b50978562ce0c00a - Path: Packages/com.unity.multiplayer.center/Tests/Editor/ExpectedPresetRecommendations.cs - Importer: ScriptedImporter/UnityEditor.QuickSearchModule:UnityEditor.Search:ASIAI0B -> (ImportResultId: '1682157998b71fe30b6e72f3713483fa') in 0.00068275 seconds
[Worker0] Imported GUID: 424a8de5def3b46dcb08edd00ad1c7bd - Path: Packages/com.unity.multiplayer.center/Editor/MultiplayerCenterWindow/UI/Icons/Loading.png - Importer: ScriptedImporter/UnityEditor.QuickSearchModule:UnityEditor.Search:ASIAI0B -> (ImportResultId: '9a2aefb3a6b02b3d43b0604bfc8af020') in 0.004229709 seconds
[Worker0] Imported GUID: 6cfa81557736450abfb73264580451c1 - Path: Packages/com.unity.multiplayer.center/Tests/Editor/SectionHeaderTests.cs - Importer: ScriptedImporter/UnityEditor.QuickSearchModule:UnityEditor.Search:ASIAI0B -> (ImportResultId: 'a61f84cbd76202126452a8f133af77b4') in 0.000906208 seconds
[Worker0] Imported GUID: 52a77c59214a4cb5a43fc7b0e097d832 - Path: Packages/com.unity.multiplayer.center/Editor/Recommendations/RecommendationUtils.cs - Importer: ScriptedImporter/UnityEditor.QuickSearchModule:UnityEditor.Search:ASIAI0B -> (ImportResultId: '57e401a163a6220d232e39d65791972b') in 0.000780333 seconds
[Worker0] Imported GUID: c3d3226643b94888b02e25de0a9de55f - Path: Packages/com.unity.multiplayer.center/Tests/Editor/UserVisibleTextTests.cs - Importer: ScriptedImporter/UnityEditor.QuickSearchModule:UnityEditor.Search:ASIAI0B -> (ImportResultId: '77df91dd047bb1aea28fd2d47449cecf') in 0.000778292 seconds
[Worker0] Imported GUID: 83b28bcaaf34b4fd580114fb05d9f160 - Path: Packages/com.unity.multiplayer.center/Editor/MultiplayerCenterWindow/UI/Icons/NGO@2x.png - Importer: ScriptedImporter/UnityEditor.QuickSearchModule:UnityEditor.Search:ASIAI0B -> (ImportResultId: '5586769e1d07c5ea4c57ee07fac53acb') in 0.006879125 seconds
[Worker0] Imported GUID: a1c995459c0d418c88dd274e04840c5d - Path: Packages/com.unity.multiplayer.center/Editor/Recommendations/RecommenderSystem.cs - Importer: ScriptedImporter/UnityEditor.QuickSearchModule:UnityEditor.Search:ASIAI0B -> (ImportResultId: '4ed2092eb988aa333e11a0730afb1db6') in 0.001273042 seconds
[Worker0] Imported GUID: e4439b4b4bb24a5eb61c59c5a67aa5a0 - Path: Packages/com.unity.multiplayer.center/Editor/MultiplayerCenterWindow/UI/QuestionViewFactory.cs - Importer: ScriptedImporter/UnityEditor.QuickSearchModule:UnityEditor.Search:ASIAI0B -> (ImportResultId: 'd1d04ec9aafdda28cef051142f096d01') in 0.000870791 seconds
[Worker0] Imported GUID: 38b78df4a34c94fa6a52c90239606ff1 - Path: Packages/com.unity.multiplayer.center/Editor/MultiplayerCenterWindow/UI/Icons/DedicatedServer@2x.png - Importer: ScriptedImporter/UnityEditor.QuickSearchModule:UnityEditor.Search:ASIAI0B -> (ImportResultId: '44e2043b09816e688ae7175e46f38dd9') in 0.002529334 seconds
[Worker0] Imported GUID: 0ddc3b8a12c84454b04e4d6bdd88241c - Path: Packages/com.unity.multiplayer.center/Editor/Recommendations/RecommendationViewData.cs - Importer: ScriptedImporter/UnityEditor.QuickSearchModule:UnityEditor.Search:ASIAI0B -> (ImportResultId: '61a5fa4766459a441b2018f0f7290b5d') in 0.000776417 seconds
[Worker0] Imported GUID: a23c0dd570fd44b57a03a8880002fcca - Path: Packages/com.unity.multiplayer.center/Editor/MultiplayerCenterWindow/UI/Icons/CloudCode@2x.png - Importer: ScriptedImporter/UnityEditor.QuickSearchModule:UnityEditor.Search:ASIAI0B -> (ImportResultId: 'ec9c05594f3051858132c67a3a497874') in 0.003012583 seconds
[Worker0] Imported GUID: d63245ece6d8f476c8c7ca24da9937f6 - Path: Packages/com.unity.multiplayer.center/Editor/MultiplayerCenterWindow/UI/Icons/DistributedAuthority.png - Importer: ScriptedImporter/UnityEditor.QuickSearchModule:UnityEditor.Search:ASIAI0B -> (ImportResultId: '7abba1727f6fcbe6a2336de422fd7da8') in 0.002326458 seconds
[Worker0] Imported GUID: 3fe892784421e47f5aa40c2784a6cb3e - Path: Packages/com.unity.multiplayer.center/Editor/MultiplayerCenterWindow/UI/Icons/DedicatedServer.png - Importer: ScriptedImporter/UnityEditor.QuickSearchModule:UnityEditor.Search:ASIAI0B -> (ImportResultId: 'bcbcbc281a7eac42aa33c95937e4916b') in 0.00276625 seconds
[Worker0] Imported GUID: a659150180ae3489ba41c71780ba3779 - Path: Packages/com.unity.multiplayer.center/Editor/Questionnaire/Questionnaire.questionnaire - Importer: ScriptedImporter/UnityEditor.QuickSearchModule:UnityEditor.Search:ASIAI0B -> (ImportResultId: '3536aa8a2f2b96982377c160d54c9489') in 0.000766084 seconds
[Worker0] Imported GUID: b66d076cdcfe3b14388de66307a0e7ff - Path: Packages/com.unity.multiplayer.center/Editor/Recommendations/RecommendationData_6000.0.recommendations - Importer: ScriptedImporter/UnityEditor.QuickSearchModule:UnityEditor.Search:ASIAI0B -> (ImportResultId: 'a668761d1f40113d99b68a50029c81ce') in 0.000708167 seconds
[Worker0] Imported GUID: c37c4c45cacc46edb43b8c32617b3e34 - Path: Packages/com.unity.multiplayer.center/Tests/Editor/UtilsForGettingStartedTabTests.cs - Importer: ScriptedImporter/UnityEditor.QuickSearchModule:UnityEditor.Search:ASIAI0B -> (ImportResultId: '93576ae5ee1302d50e2aede1e31cf652') in 0.000752625 seconds
[Worker0] Imported GUID: e9669051ff70449b5923861e0e0b8838 - Path: Packages/com.unity.multiplayer.center/Editor/MultiplayerCenterWindow/UI/Icons/N4E.png - Importer: ScriptedImporter/UnityEditor.QuickSearchModule:UnityEditor.Search:ASIAI0B -> (ImportResultId: '40de6be71fb74a4f51a9a19e09ebf1eb') in 0.003158542 seconds
[Worker0] Imported GUID: 1daed49eec0f94f7ebb36dfef6159884 - Path: Packages/com.unity.multiplayer.center/Editor/MultiplayerCenterWindow/UI/Icons/NoNetcode.png - Importer: ScriptedImporter/UnityEditor.QuickSearchModule:UnityEditor.Search:ASIAI0B -> (ImportResultId: 'a4a74d2b82156ab2cd62cb4c677daefb') in 0.002657709 seconds
[Worker0] Imported GUID: 38a11839c22b4e67aa2e508d906edf65 - Path: Packages/com.unity.multiplayer.center/Editor/Recommendations/RecommenderSystemData.cs - Importer: ScriptedImporter/UnityEditor.QuickSearchModule:UnityEditor.Search:ASIAI0B -> (ImportResultId: 'e64fc0ab11f0829b2fbfc77e18be20f4') in 0.00071175 seconds
[Worker0] Imported GUID: 5d117d33f89d41cd9123918383c9b981 - Path: Packages/com.unity.multiplayer.center/Editor/Questionnaire/QuestionnaireEditor.cs - Importer: ScriptedImporter/UnityEditor.QuickSearchModule:UnityEditor.Search:ASIAI0B -> (ImportResultId: 'adc9450f349ca10ecf00faa767b1b52e') in 0.000716083 seconds
[Worker0] Imported GUID: b46a48f780f84026b9d1e73ee1b0121d - Path: Packages/com.unity.multiplayer.center/Editor/Recommendations/RecommendationType.cs - Importer: ScriptedImporter/UnityEditor.QuickSearchModule:UnityEditor.Search:ASIAI0B -> (ImportResultId: '0cebeb46644ce69c7cb40e89db070ba4') in 0.001038333 seconds
[Worker0] Imported GUID: 0354877031b64465ea7e5cafea1a2653 - Path: Packages/com.unity.multiplayer.center/Editor/MultiplayerCenterWindow/UI/Icons/DistributedAuthority@2x.png - Importer: ScriptedImporter/UnityEditor.QuickSearchModule:UnityEditor.Search:ASIAI0B -> (ImportResultId: '7a9f114dc1161944a944e288acfc7562') in 0.003092166 seconds
[Worker0] Imported GUID: 7456ea4ba2dcd48d3909b82e610f2048 - Path: Packages/com.unity.multiplayer.center/Tests/Runtime/PlaceholderTest.cs - Importer: ScriptedImporter/UnityEditor.QuickSearchModule:UnityEditor.Search:ASIAI0B -> (ImportResultId: 'b2881fe60811346b30443c0b2f8083e9') in 0.000953125 seconds
[Worker0] Imported GUID: 89ffa359141b49fea9bfa6a1db3b18be - Path: Packages/com.unity.multiplayer.center/Tests/Editor/AssemblyInfo.cs - Importer: ScriptedImporter/UnityEditor.QuickSearchModule:UnityEditor.Search:ASIAI0B -> (ImportResultId: '9c14181a37e26de562c465fee492f20c') in 0.000938292 seconds
[Worker0] Imported GUID: d9beb5106d424f23902054f76d4b673d - Path: Packages/com.unity.multiplayer.center/Editor/Questionnaire/Logic.cs - Importer: ScriptedImporter/UnityEditor.QuickSearchModule:UnityEditor.Search:ASIAI0B -> (ImportResultId: '9898181d7ab55ffa9722030f6eefd72e') in 0.000787416 seconds
[Worker0] Imported GUID: 23342257960b4b618e6f7c444137663c - Path: Packages/com.unity.multiplayer.center/Editor/Recommendations/PreReleaseHandling.cs - Importer: ScriptedImporter/UnityEditor.QuickSearchModule:UnityEditor.Search:ASIAI0B -> (ImportResultId: 'e63ec3241a1c503e9cda25b1a5b5af61') in 0.001343042 seconds
[Worker0] Imported GUID: 15513aed5d41411c887ccfe14c103337 - Path: Packages/com.unity.multiplayer.center/Tests/Editor/UserChoicesMigrationTests.cs - Importer: ScriptedImporter/UnityEditor.QuickSearchModule:UnityEditor.Search:ASIAI0B -> (ImportResultId: '9ae36714326fbb37f8123c7a6c8abf37') in 0.000768792 seconds
[Worker0] Imported GUID: f526d484b0c04a1896c469f31c713786 - Path: Packages/com.unity.multiplayer.center/Editor/Recommendations/Scoring.cs - Importer: ScriptedImporter/UnityEditor.QuickSearchModule:UnityEditor.Search:ASIAI0B -> (ImportResultId: 'd80e314cbab1af252dc12233d6a17b8e') in 0.000870125 seconds
[Worker0] Imported GUID: c3677cd9ede84e78b2fff6331c6301da - Path: Packages/com.unity.multiplayer.center/Editor/Questionnaire/QuestionnaireObject.cs - Importer: ScriptedImporter/UnityEditor.QuickSearchModule:UnityEditor.Search:ASIAI0B -> (ImportResultId: 'df515170aa9f4fa79872c1620d4571f9') in 0.000760041 seconds
[Worker0] Imported GUID: b58a826ca804e4c67bab4283ad5a6102 - Path: Packages/com.unity.multiplayer.center/Editor/MultiplayerCenterWindow/UI/Icons/NoNetcode@2x.png - Importer: ScriptedImporter/UnityEditor.QuickSearchModule:UnityEditor.Search:ASIAI0B -> (ImportResultId: '1d52f2085ce603816b926bae03556c27') in 0.003559667 seconds
[Worker0] Imported GUID: 0efb92c924574ec59b71b9185a6ed8fb - Path: Packages/com.unity.multiplayer.center/Tests/Editor/RecommendationTests.cs - Importer: ScriptedImporter/UnityEditor.QuickSearchModule:UnityEditor.Search:ASIAI0B -> (ImportResultId: '508afb52d2f5d48be104346b07d1c0e5') in 0.001228 seconds
[Worker0] Imported GUID: 4f78a544322c742b89e63fb68557b1d2 - Path: Packages/com.unity.multiplayer.center/Editor/MultiplayerCenterWindow/UI/Icons/Check.png - Importer: ScriptedImporter/UnityEditor.QuickSearchModule:UnityEditor.Search:ASIAI0B -> (ImportResultId: '98387643c4cd38363a45510613790c3d') in 0.002749334 seconds
[Worker0] Imported GUID: 284da2a38ea043d69e1a38fd8a22bec9 - Path: Packages/com.unity.multiplayer.center/Tests/Editor/RecommenderSystemTests.cs - Importer: ScriptedImporter/UnityEditor.QuickSearchModule:UnityEditor.Search:ASIAI0B -> (ImportResultId: '9a7612cb90c03ca7da3b1ebc46eee411') in 0.000860292 seconds
[Worker0] Imported GUID: dce12af736e0a4a1ba35d6424f897dc9 - Path: Packages/com.unity.multiplayer.center/Editor/MultiplayerCenterWindow/UI/Icons/CustomNetcode.png - Importer: ScriptedImporter/UnityEditor.QuickSearchModule:UnityEditor.Search:ASIAI0B -> (ImportResultId: '95bc5c0a8f2d062f4c6ff2d8d262b148') in 0.003455083 seconds
[Worker0] Imported GUID: b2ce704e56cc84fb3b347499263c6244 - Path: Packages/com.unity.multiplayer.center/Editor/MultiplayerCenterWindow/UI/Icons/ClientHosted.png - Importer: ScriptedImporter/UnityEditor.QuickSearchModule:UnityEditor.Search:ASIAI0B -> (ImportResultId: 'd75c15cb7dd6a801213b05dd201ac854') in 0.003144334 seconds
[Worker0] Imported GUID: 99da7b3894f364efdb5fa1443952a55d - Path: Packages/com.unity.multiplayer.center/Editor/MultiplayerCenterWindow/UI/Icons/NGO.png - Importer: ScriptedImporter/UnityEditor.QuickSearchModule:UnityEditor.Search:ASIAI0B -> (ImportResultId: '24db5871a18b0eaa9be69bb89118a3f1') in 0.002395167 seconds
[Worker0] Imported GUID: bac00d6e07f0b4305bb395363c89d92b - Path: Packages/com.unity.multiplayer.center/Editor/MultiplayerCenterWindow/UI/MultiplayerCenterWindow.uss - Importer: ScriptedImporter/UnityEditor.QuickSearchModule:UnityEditor.Search:ASIAI0B -> (ImportResultId: 'a9dd6698b414c7300f55a57e1f5bfe39') in 0.006698833 seconds
[Worker0] Imported GUID: 2cb589d4e01184d928bb698f06e77561 - Path: Packages/com.unity.multiplayer.center/Editor/MultiplayerCenterWindow/UI/Icons/N4E@2x.png - Importer: ScriptedImporter/UnityEditor.QuickSearchModule:UnityEditor.Search:ASIAI0B -> (ImportResultId: '13bf6ccf4675a35b2758ea9dbb921a73') in 0.003485375 seconds
[Worker0] Imported GUID: 9d9689eab72c8480c90679f4dcf18820 - Path: Packages/com.unity.multiplayer.center/Editor/MultiplayerCenterWindow/UI/Icons/Package.png - Importer: ScriptedImporter/UnityEditor.QuickSearchModule:UnityEditor.Search:ASIAI0B -> (ImportResultId: '5bd95306444aab85914f02b4c42648d5') in 0.002723375 seconds
[Worker0] Imported GUID: b6a02e450cd04bb781e7728f2056251c - Path: Packages/com.unity.multiplayer.center/Editor/Recommendations/RecommenderSystemDataObject.cs - Importer: ScriptedImporter/UnityEditor.QuickSearchModule:UnityEditor.Search:ASIAI0B -> (ImportResultId: '0a74e7180e611fddd6653f4606342d62') in 0.000822125 seconds
[Worker0] Imported GUID: 2664430aff4254d79887d32c3fc1e221 - Path: Packages/com.unity.multiplayer.center/Tests/Runtime/Unity.Multiplayer.Center.Tests.asmdef - Importer: ScriptedImporter/UnityEditor.QuickSearchModule:UnityEditor.Search:ASIAI0B -> (ImportResultId: 'e5a01665006177cb0f94f98666419afb') in 0.000856584 seconds
[Worker0] Imported GUID: 18cde282a8d045bf9d245fdcfaa7271b - Path: Packages/com.unity.multiplayer.center/Editor/Questionnaire/UserChoicesObject.cs - Importer: ScriptedImporter/UnityEditor.QuickSearchModule:UnityEditor.Search:ASIAI0B -> (ImportResultId: '37060f741c88264f0e72fe9231f080c8') in 0.000863167 seconds
[Worker0] Imported GUID: 84e4bbd00035e4671bf14e0380a89001 - Path: Packages/com.unity.multiplayer.center/Editor/MultiplayerCenterWindow/UI/Icons/EmptyViewIcon.png - Importer: ScriptedImporter/UnityEditor.QuickSearchModule:UnityEditor.Search:ASIAI0B -> (ImportResultId: '3aaebc71ff13f409098fb067d5ecae3f') in 0.004067417 seconds
[Worker0] Imported GUID: 71b3035ad4d343cbbe033e93369d187e - Path: Packages/com.unity.multiplayer.center/Editor/Recommendations/RecommendationAuthoringData.cs - Importer: ScriptedImporter/UnityEditor.QuickSearchModule:UnityEditor.Search:ASIAI0B -> (ImportResultId: '9d84086d8acd15328df089cdc24edd21') in 0.000949583 seconds
[Worker0] Imported GUID: 1984cd07fe96417f9e88f5771f6b4b32 - Path: Packages/com.unity.multiplayer.center/Editor/MultiplayerCenterWindow/UI/dark.uss - Importer: ScriptedImporter/UnityEditor.QuickSearchModule:UnityEditor.Search:ASIAI0B -> (ImportResultId: '8ecc1852d23cd2621ae7d7e8049a0e12') in 0.001776166 seconds
[Worker0] Imported GUID: bcf305fff4614e26a6979b63e954f6d6 - Path: Packages/com.unity.multiplayer.center/Editor/MultiplayerCenterWindow/UI/QuestionnaireView.cs - Importer: ScriptedImporter/UnityEditor.QuickSearchModule:UnityEditor.Search:ASIAI0B -> (ImportResultId: '0fc585bef44dee82c4b95cdc5d52dfa2') in 0.000813 seconds
[Worker0] Imported GUID: ea491f91a8b84866ad13371715bf90c8 - Path: Packages/com.unity.multiplayer.center/Tests/Editor/LogicTests.cs - Importer: ScriptedImporter/UnityEditor.QuickSearchModule:UnityEditor.Search:ASIAI0B -> (ImportResultId: 'fe0059d30a00a7e769c1eda85c54ef6f') in 0.000719166 seconds
[Worker0] Imported GUID: 470a2d15035f44b7b2888a0db0704bff - Path: Packages/com.unity.multiplayer.center/Tests/Editor/TabGroupTests.cs - Importer: ScriptedImporter/UnityEditor.QuickSearchModule:UnityEditor.Search:ASIAI0B -> (ImportResultId: '121a6172664bb2bf9cf57599ea66afc9') in 0.001077709 seconds
[Worker0] Imported GUID: 2adffcc506285402aa795dee6f3166d0 - Path: Packages/com.unity.multiplayer.center/Editor/MultiplayerCenterWindow/UI/Icons/EmptyViewIcon@2x.png - Importer: ScriptedImporter/UnityEditor.QuickSearchModule:UnityEditor.Search:ASIAI0B -> (ImportResultId: '3867bf0e14e087fe43b762673893553e') in 0.003740167 seconds
[Worker0] Imported GUID: c7a38e6eccbfc49778cb8b77f594a971 - Path: Packages/com.unity.multiplayer.center/Editor/MultiplayerCenterWindow/UI/Icons/ClientHosted@2x.png - Importer: ScriptedImporter/UnityEditor.QuickSearchModule:UnityEditor.Search:ASIAI0B -> (ImportResultId: 'a1b651cbcb34e3f614435cb46136a9f3') in 0.002638375 seconds
[Worker0] Imported GUID: 525a6cca8dd9a4d28875a8fe824710d9 - Path: Packages/com.unity.multiplayer.center/Editor/MultiplayerCenterWindow/UI/Icons/d_Package.png - Importer: ScriptedImporter/UnityEditor.QuickSearchModule:UnityEditor.Search:ASIAI0B -> (ImportResultId: 'c412f5cd82a64699291e1e8f3976f3ad') in 0.002858916 seconds
[Worker0] Imported GUID: dab91f148d99946e7b3c3a87ecf4b973 - Path: Packages/com.unity.multiplayer.center/Editor/MultiplayerCenterWindow/UI/Icons/d_Loading.png - Importer: ScriptedImporter/UnityEditor.QuickSearchModule:UnityEditor.Search:ASIAI0B -> (ImportResultId: '03e583a1c2b25200e164e6da7af86780') in 0.00359525 seconds
[Worker0] Imported GUID: 679f9999c6f8f497e806a2d5d0511879 - Path: Packages/com.unity.multiplayer.center/Editor/MultiplayerCenterWindow/UI/Icons/PackageManager.png - Importer: ScriptedImporter/UnityEditor.QuickSearchModule:UnityEditor.Search:ASIAI0B -> (ImportResultId: '60f3d9585661d6e5a458059d9f237308') in 0.002685792 seconds
[Worker0] Imported GUID: 96d14b71b907bb52333b2886e665aba6 - Path: Packages/com.unity.modules.video/package.json - Importer: ScriptedImporter/UnityEditor.QuickSearchModule:UnityEditor.Search:ASIAI0B -> (ImportResultId: '8cca530f716848a2d987927adfef6805') in 0.000819 seconds
[Worker0] Imported GUID: fe6a6957b37b61417b457a1e0541791d - Path: Packages/com.unity.modules.physics2d/package.ModuleCompilationTrigger - Importer: ScriptedImporter/UnityEditor.QuickSearchModule:UnityEditor.Search:ASIAI0B -> (ImportResultId: '93f275b304d97282023e7660bab4ed55') in 0.000688583 seconds
[Worker0] Imported GUID: 5262b119dc3e4259a40e6d93c8ea1048 - Path: Packages/com.unity.multiplayer.center/Editor/MultiplayerCenterWindow/UI/RecommendationView/PackageSelectionView.cs - Importer: ScriptedImporter/UnityEditor.QuickSearchModule:UnityEditor.Search:ASIAI0B -> (ImportResultId: '1f6e934141b23b03750baad92a230946') in 0.000707458 seconds
[Worker0] Imported GUID: 4745d06d5a7ca576dcf9e5e67b417652 - Path: Packages/com.unity.modules.accessibility/package.ModuleCompilationTrigger - Importer: ScriptedImporter/UnityEditor.QuickSearchModule:UnityEditor.Search:ASIAI0B -> (ImportResultId: '6b6cab347b4fae034ef2908ec2d1ddc5') in 0.001747458 seconds
[Worker0] Imported GUID: f1e4f3f59aa446bfb097357fa8ad4a8b - Path: Packages/com.unity.multiplayer.center/Editor/MultiplayerCenterWindow/UI/RecommendationView/SolutionSelectionView.cs - Importer: ScriptedImporter/UnityEditor.QuickSearchModule:UnityEditor.Search:ASIAI0B -> (ImportResultId: '7208fabba83a9ca81cc7327b616e0d50') in 0.0009285 seconds
[Worker0] Imported GUID: 9b1a5759726ef9d39a0ab82047b615f1 - Path: Packages/com.unity.modules.hierarchycore/package.json - Importer: ScriptedImporter/UnityEditor.QuickSearchModule:UnityEditor.Search:ASIAI0B -> (ImportResultId: '3296ba846fcc4ca6c9119e13a014dee4') in 0.001304375 seconds
[Worker0] Imported GUID: c82e859b16636ddd2ca4a1f63fd34938 - Path: Packages/com.unity.modules.androidjni/package.ModuleCompilationTrigger - Importer: ScriptedImporter/UnityEditor.QuickSearchModule:UnityEditor.Search:ASIAI0B -> (ImportResultId: '705cc8e481bc7b3fad798e786ced654b') in 0.000867209 seconds
[Worker0] Imported GUID: 0423146d9f51c4563a0f2a8200b6cd38 - Path: Packages/com.unity.multiplayer.center/Editor/MultiplayerCenterWindow/UI/Icons/PackageInstalled@2x.png - Importer: ScriptedImporter/UnityEditor.QuickSearchModule:UnityEditor.Search:ASIAI0B -> (ImportResultId: '5dd9ca22a580229986aa0c9245c54bf4') in 0.00261125 seconds
[Worker0] Imported GUID: 4c413a81cadcce7038e446e56570117e - Path: Packages/com.unity.modules.adaptiveperformance/package.json - Importer: ScriptedImporter/UnityEditor.QuickSearchModule:UnityEditor.Search:ASIAI0B -> (ImportResultId: 'c35ee319797ffa2410723dd86042aea7') in 0.000891333 seconds
[Worker0] Imported GUID: 8d4bc6bfa28760b29f13174d6b6ea710 - Path: Packages/com.unity.modules.subsystems/package.ModuleCompilationTrigger - Importer: ScriptedImporter/UnityEditor.QuickSearchModule:UnityEditor.Search:ASIAI0B -> (ImportResultId: '8ed1879e735b34132b038cd90d335ef8') in 0.000654666 seconds
[Worker0] Imported GUID: 082fbee38a82835433261a5e9c00e267 - Path: Packages/com.unity.modules.cloth/package.ModuleCompilationTrigger - Importer: ScriptedImporter/UnityEditor.QuickSearchModule:UnityEditor.Search:ASIAI0B -> (ImportResultId: 'ae6ce90ac587d9db2b49661287b85c1a') in 0.000713417 seconds
[Worker0] Imported GUID: 51fa60bb2bd1e5bc74e8cc95a7bfd5b7 - Path: Packages/com.unity.modules.ui/package.ModuleCompilationTrigger - Importer: ScriptedImporter/UnityEditor.QuickSearchModule:UnityEditor.Search:ASIAI0B -> (ImportResultId: 'a667b0518aa15f8f617eca76f0694468') in 0.000654833 seconds
[Worker0] Imported GUID: 1b4c88814ec6241eb8e327515399c006 - Path: Packages/com.unity.multiplayer.center/Editor/MultiplayerCenterWindow/UI/Icons/d_PackageManager.png - Importer: ScriptedImporter/UnityEditor.QuickSearchModule:UnityEditor.Search:ASIAI0B -> (ImportResultId: 'f283e9cf705a1cc70d5894847919959e') in 0.004589208 seconds
[Worker0] Imported GUID: 17f093324b67f5bd57e55b546736750e - Path: Packages/com.unity.modules.particlesystem/package.ModuleCompilationTrigger - Importer: ScriptedImporter/UnityEditor.QuickSearchModule:UnityEditor.Search:ASIAI0B -> (ImportResultId: 'b38603aa10b3dcf790319d179da2724e') in 0.000951875 seconds
[Worker0] Imported GUID: 87d720faa37005c08600090e04d8c739 - Path: Packages/com.unity.modules.particlesystem/package.json - Importer: ScriptedImporter/UnityEditor.QuickSearchModule:UnityEditor.Search:ASIAI0B -> (ImportResultId: '92df2b508de6c586a1ba63870cad291c') in 0.000729042 seconds
[Worker0] Imported GUID: e2d09a26ce46dc617b54e49a534ace20 - Path: Packages/com.unity.modules.ai/package.ModuleCompilationTrigger - Importer: ScriptedImporter/UnityEditor.QuickSearchModule:UnityEditor.Search:ASIAI0B -> (ImportResultId: '5bf677b9576fea85096c12d24680ec02') in 0.000634292 seconds
[Worker0] Imported GUID: c88e90bad18cceb5d182d0c805883056 - Path: Packages/com.unity.modules.director/package.ModuleCompilationTrigger - Importer: ScriptedImporter/UnityEditor.QuickSearchModule:UnityEditor.Search:ASIAI0B -> (ImportResultId: '071ca259092c503f29c0e19787563394') in 0.000680167 seconds
[Worker0] Imported GUID: dd70cd654275d47db807e918055e004f - Path: Packages/com.unity.multiplayer.center/Editor/MultiplayerCenterWindow/UI/Icons/Questionnaire.png - Importer: ScriptedImporter/UnityEditor.QuickSearchModule:UnityEditor.Search:ASIAI0B -> (ImportResultId: '945697d98457fa3c1a2d6f5fb46266bb') in 0.002565584 seconds
[Worker0] Imported GUID: 906c12bc9cd95d3963c6d58f62522c78 - Path: Packages/com.unity.modules.cloth/package.json - Importer: ScriptedImporter/UnityEditor.QuickSearchModule:UnityEditor.Search:ASIAI0B -> (ImportResultId: 'ffc177998f8cffe03638e2138648a472') in 0.0008145 seconds
[Worker0] Imported GUID: a2c71c02b50345e99168bda191ec01b4 - Path: Packages/com.unity.multiplayer.center/Editor/MultiplayerCenterWindow/UI/RecommendationView/RecommendationView.cs - Importer: ScriptedImporter/UnityEditor.QuickSearchModule:UnityEditor.Search:ASIAI0B -> (ImportResultId: '682590ba157ff2e16165884c87778270') in 0.001631209 seconds
[Worker0] Imported GUID: 1af35a910338381f753e8a985eb5daab - Path: Packages/com.unity.modules.adaptiveperformance/package.ModuleCompilationTrigger - Importer: ScriptedImporter/UnityEditor.QuickSearchModule:UnityEditor.Search:ASIAI0B -> (ImportResultId: '6e27985faac12509bb6bb7715a160e9b') in 0.000696833 seconds
[Worker0] Imported GUID: 43674d438e19b89d7fe6af07234f3252 - Path: Packages/com.unity.modules.accessibility/package.json - Importer: ScriptedImporter/UnityEditor.QuickSearchModule:UnityEditor.Search:ASIAI0B -> (ImportResultId: '74b65c009b89f2dc67081f03683d753a') in 0.000720583 seconds
[Worker0] Imported GUID: 2adec19fac7df68adf1fd6eb83197bb1 - Path: Packages/com.unity.modules.wind/package.ModuleCompilationTrigger - Importer: ScriptedImporter/UnityEditor.QuickSearchModule:UnityEditor.Search:ASIAI0B -> (ImportResultId: '9e7641b130af09cc0baf99e76a21e826') in 0.00071025 seconds
[Worker0] Imported GUID: bfd567a3d1631a761bca9e99fa53d86d - Path: Packages/com.unity.modules.ui/package.json - Importer: ScriptedImporter/UnityEditor.QuickSearchModule:UnityEditor.Search:ASIAI0B -> (ImportResultId: 'ee67ace68b8e7d2dbf5873e3c2382504') in 0.000734875 seconds
[Worker0] Imported GUID: 741761e72e6f24446bd8ba03ea3d0261 - Path: Packages/com.unity.multiplayer.center/Editor/MultiplayerCenterWindow/UI/Icons/d_Questionnaire.png - Importer: ScriptedImporter/UnityEditor.QuickSearchModule:UnityEditor.Search:ASIAI0B -> (ImportResultId: '3975e96cbf6d106563ccf7290c070de4') in 0.003179666 seconds
[Worker0] Imported GUID: d104359075a97392b803d3d5aebc77f7 - Path: Packages/com.unity.modules.hierarchycore/package.ModuleCompilationTrigger - Importer: ScriptedImporter/UnityEditor.QuickSearchModule:UnityEditor.Search:ASIAI0B -> (ImportResultId: '28279bb8a976fc9c37719f7966111515') in 0.000778292 seconds
[Worker0] Imported GUID: f62135e79edb837b2d2ee3c524da864c - Path: Packages/com.unity.modules.video/package.ModuleCompilationTrigger - Importer: ScriptedImporter/UnityEditor.QuickSearchModule:UnityEditor.Search:ASIAI0B -> (ImportResultId: '86c3c47c0cddb9fd3991f8eb2859063d') in 0.002376542 seconds
[Worker0] Imported GUID: 4616b2fa4acd1429e931835b80966c2a - Path: Packages/com.unity.multiplayer.center/Editor/MultiplayerCenterWindow/UI/Icons/PackageInstalled.png - Importer: ScriptedImporter/UnityEditor.QuickSearchModule:UnityEditor.Search:ASIAI0B -> (ImportResultId: '968bd6bbc15a4d6abd4bc59b7f6e7c96') in 0.002869209 seconds
[Worker0] Imported GUID: f7a8357347c80dc69c08d0b1a05e2122 - Path: Packages/com.unity.modules.physics2d/package.json - Importer: ScriptedImporter/UnityEditor.QuickSearchModule:UnityEditor.Search:ASIAI0B -> (ImportResultId: '23e2d2a595b4eb709356a858333b089e') in 0.00090225 seconds
[Worker0] Imported GUID: 29395f0639574c1fbc8b729aa257fb84 - Path: Packages/com.unity.multiplayer.center/Editor/MultiplayerCenterWindow/UI/Icons/d_Check.png - Importer: ScriptedImporter/UnityEditor.QuickSearchModule:UnityEditor.Search:ASIAI0B -> (ImportResultId: '235a7092e266b2e82393daf2520acf91') in 0.00263075 seconds
[Worker0] Imported GUID: 05f7f519769978b79b31d063a7fc6fa1 - Path: Packages/com.unity.modules.unitywebrequestassetbundle/package.json - Importer: ScriptedImporter/UnityEditor.QuickSearchModule:UnityEditor.Search:ASIAI0B -> (ImportResultId: '491c8de0fc2402d70cb40d06928d1763') in 0.001006167 seconds
[Worker0] Imported GUID: 77be953cf28de42a4ad8532539fef3f5 - Path: Packages/com.unity.multiplayer.center/Editor/MultiplayerCenterWindow/UI/Icons/d_PackageInstalled.png - Importer: ScriptedImporter/UnityEditor.QuickSearchModule:UnityEditor.Search:ASIAI0B -> (ImportResultId: '0778145a00bf1a87c3a66fc832411668') in 0.004746667 seconds
[Worker0] Imported GUID: 5c1ee4056d0ac7ad3c5a16597fcaa38a - Path: Packages/com.unity.modules.physics/package.ModuleCompilationTrigger - Importer: ScriptedImporter/UnityEditor.QuickSearchModule:UnityEditor.Search:ASIAI0B -> (ImportResultId: 'd7d88a8d2efb6007c21a9447937bb987') in 0.001559666 seconds
[Worker0] Imported GUID: e5c46c19ce0ce2e0103aa6f82df1043a - Path: Packages/com.unity.modules.vehicles/package.ModuleCompilationTrigger - Importer: ScriptedImporter/UnityEditor.QuickSearchModule:UnityEditor.Search:ASIAI0B -> (ImportResultId: '7b5d9fe22e549ca408ca4e34d3698727') in 0.00078025 seconds
[Worker0] Imported GUID: 830a36a23cf3ab1e61fa47940a6dc35e - Path: Packages/com.unity.modules.imageconversion/package.ModuleCompilationTrigger - Importer: ScriptedImporter/UnityEditor.QuickSearchModule:UnityEditor.Search:ASIAI0B -> (ImportResultId: 'b83d3f2c2b3afc0ebd1e90fb684a8c2b') in 0.001246959 seconds
[Worker0] Imported GUID: db8e609a39b9b231fccc54e5fa4cbd1b - Path: Packages/com.unity.modules.animation/package.ModuleCompilationTrigger - Importer: ScriptedImporter/UnityEditor.QuickSearchModule:UnityEditor.Search:ASIAI0B -> (ImportResultId: 'e1ff66a3ce558bbc974d0fdfe6102b8e') in 0.000688667 seconds
[Worker0] Imported GUID: 953fab16d15d5885b3600fcd6388b2ad - Path: Packages/com.unity.modules.imageconversion/package.json - Importer: ScriptedImporter/UnityEditor.QuickSearchModule:UnityEditor.Search:ASIAI0B -> (ImportResultId: '0ac4c7c273836518ec374e80fd76d97c') in 0.000805084 seconds
[Worker0] Imported GUID: 1a4266815e998967becf686f9c71f0a6 - Path: Packages/com.unity.modules.physics/package.json - Importer: ScriptedImporter/UnityEditor.QuickSearchModule:UnityEditor.Search:ASIAI0B -> (ImportResultId: '714dc9302aaab8c22b36e52111c70861') in 0.001056541 seconds
[Worker0] Imported GUID: 6afb166a156df2d20433d981f4bb2832 - Path: Packages/com.unity.modules.vehicles/package.json - Importer: ScriptedImporter/UnityEditor.QuickSearchModule:UnityEditor.Search:ASIAI0B -> (ImportResultId: '9489355c985717973fb2b3b1e34a7500') in 0.001206709 seconds
[Worker0] Imported GUID: ec02776fe29df900b897106d61977735 - Path: Packages/com.unity.modules.director/package.json - Importer: ScriptedImporter/UnityEditor.QuickSearchModule:UnityEditor.Search:ASIAI0B -> (ImportResultId: '24a3b1939a0591a3c211455f972360bc') in 0.00132625 seconds
[Worker0] Imported GUID: bd1af0a6633ee94ae21c7d1d702cdc12 - Path: Packages/com.unity.modules.androidjni/package.json - Importer: ScriptedImporter/UnityEditor.QuickSearchModule:UnityEditor.Search:ASIAI0B -> (ImportResultId: '65ab6f8548c5ff436403b9c3836f6ae2') in 0.001379959 seconds
[Worker0] Imported GUID: 7ef8348b8ea834d7e1bc214b07f7fb87 - Path: Packages/com.unity.modules.animation/package.json - Importer: ScriptedImporter/UnityEditor.QuickSearchModule:UnityEditor.Search:ASIAI0B -> (ImportResultId: '6b97b8106fcb7f41b40c1fc6c81d7ed0') in 0.001379917 seconds
[Worker0] Imported GUID: 7610600f5c83e01041a6fe849d39279f - Path: Packages/com.unity.modules.unitywebrequestassetbundle/package.ModuleCompilationTrigger - Importer: ScriptedImporter/UnityEditor.QuickSearchModule:UnityEditor.Search:ASIAI0B -> (ImportResultId: 'd637600d73533fce755277578ff951fe') in 0.000748875 seconds
[Worker0] Imported GUID: f0f13f2ab3d6d13cfc6e4656824bfca8 - Path: Packages/com.unity.modules.ai/package.json - Importer: ScriptedImporter/UnityEditor.QuickSearchModule:UnityEditor.Search:ASIAI0B -> (ImportResultId: 'b80ccb5db52b570a0f0d78ce372faee5') in 0.0008165 seconds
[Worker0] Imported GUID: 281e16dfc02f4a86bf924188eb96b176 - Path: Packages/com.unity.multiplayer.center/Editor/MultiplayerCenterWindow/UI/RecommendationView/RecommendationItemView.cs - Importer: ScriptedImporter/UnityEditor.QuickSearchModule:UnityEditor.Search:ASIAI0B -> (ImportResultId: '3842e15ecc0dd184109579783031bad6') in 0.000893708 seconds
[Worker0] Imported GUID: b83f06ac0c0696e9563230865ca72b81 - Path: Packages/com.unity.modules.wind/package.json - Importer: ScriptedImporter/UnityEditor.QuickSearchModule:UnityEditor.Search:ASIAI0B -> (ImportResultId: 'dee5373e60af226238f83cbdd8cf4bfd') in 0.001248417 seconds
[Worker0] Imported GUID: a6fd0c627f5aa48fa81512221e70a11e - Path: Packages/com.unity.multiplayer.center/Editor/MultiplayerCenterWindow/UI/Icons/d_PackageManager@2x.png - Importer: ScriptedImporter/UnityEditor.QuickSearchModule:UnityEditor.Search:ASIAI0B -> (ImportResultId: 'ff48b034fa50da04b9c5d995a116bd10') in 0.003790667 seconds
[Worker0] Imported GUID: 318df756abab5463e9aa361360784865 - Path: Packages/com.unity.multiplayer.center/Editor/MultiplayerCenterWindow/UI/Icons/d_PackageInstalled@2x.png - Importer: ScriptedImporter/UnityEditor.QuickSearchModule:UnityEditor.Search:ASIAI0B -> (ImportResultId: 'fa5d139411c6a6b1bccbaec10d5bd281') in 0.004941792 seconds
[Worker0] Imported GUID: 30b312a167534621b316172253b08723 - Path: Packages/com.unity.modules.subsystems/package.json - Importer: ScriptedImporter/UnityEditor.QuickSearchModule:UnityEditor.Search:ASIAI0B -> (ImportResultId: '73ee3a98bbde8776c73b2375edc845ea') in 0.000986667 seconds
[Worker0] Imported GUID: 63314900d81e4a15814496af1889cb51 - Path: Packages/com.unity.multiplayer.center/Editor/MultiplayerCenterWindow/UI/RecommendationView/SectionHeader.cs - Importer: ScriptedImporter/UnityEditor.QuickSearchModule:UnityEditor.Search:ASIAI0B -> (ImportResultId: 'ada7190418a759e56534d9e90b32c301') in 0.0011855 seconds
[Worker0] Imported GUID: 9431e8221045c4af189b2fa7174b9e9f - Path: Packages/com.unity.multiplayer.center/Editor/MultiplayerCenterWindow/UI/Icons/PackageManager@2x.png - Importer: ScriptedImporter/UnityEditor.QuickSearchModule:UnityEditor.Search:ASIAI0B -> (ImportResultId: '9e183e3ec160a1c796f35e1608f2ed54') in 0.004244 seconds
[Worker0] Imported GUID: 3cc1ebf2abb7fef6871ad48f499b6e21 - Path: Packages/com.unity.modules.vectorgraphics/package.ModuleCompilationTrigger - Importer: ScriptedImporter/UnityEditor.QuickSearchModule:UnityEditor.Search:ASIAI0B -> (ImportResultId: '46705076236e1ac7f63a2e787ffdce4b') in 0.001179375 seconds
[Worker0] Imported GUID: d2ec2d1228c8e67cdd913cb5609176a2 - Path: Packages/com.unity.modules.unitywebrequest/package.ModuleCompilationTrigger - Importer: ScriptedImporter/UnityEditor.QuickSearchModule:UnityEditor.Search:ASIAI0B -> (ImportResultId: '80d5f9ad1768aee7cf408587d8616f38') in 0.00093975 seconds
[Worker0] Imported GUID: 3fdd83b151eb8d25c5e2f82fc39dcb04 - Path: Packages/com.unity.modules.unitywebrequest/package.json - Importer: ScriptedImporter/UnityEditor.QuickSearchModule:UnityEditor.Search:ASIAI0B -> (ImportResultId: '7e8a514c5fc8efaa438eb1b0a2421ee3') in 0.000767833 seconds
[Worker0] Imported GUID: 78e5667e52329c3ceef41288763404ae - Path: Packages/com.unity.modules.vectorgraphics/package.json - Importer: ScriptedImporter/UnityEditor.QuickSearchModule:UnityEditor.Search:ASIAI0B -> (ImportResultId: '58defd2f2b65849d00d4d64957b0824c') in 0.000731291 seconds
Worker ready: AssetImportWorkerHW1 1
[Licensing::Client] Successfully resolved entitlement details
[Licensing::Client] Successfully resolved entitlement details
[Licensing::Client] Successfully resolved entitlement details
[Licensing::Client] Successfully resolved entitlement details
[Licensing::Client] Successfully resolved entitlement details
[Licensing::Client] Successfully resolved entitlement details
[Licensing::Client] Successfully resolved entitlement details
[Licensing::Client] Successfully resolved entitlement details
[Licensing::Client] Successfully resolved entitlement details
[Licensing::Client] Successfully resolved entitlement details
[Licensing::Client] Successfully resolved entitlement details
[Licensing::Client] Successfully resolved entitlement details
[Licensing::Client] Successfully resolved entitlement details
[Licensing::Client] Successfully resolved entitlement details
[Licensing::Client] Successfully resolved entitlement details
[Licensing::Client] Successfully resolved entitlement details
[Licensing::Client] Successfully resolved entitlement details
[Licensing::Client] Successfully resolved entitlement details
[Licensing::Client] Successfully resolved entitlement details
[Licensing::Client] Successfully resolved entitlement details
[Licensing::Client] Successfully resolved entitlement details
[Licensing::Client] Successfully resolved entitlement details
[Licensing::Client] Successfully resolved entitlement details
Thread 0x2ba507000 may have been prematurely finalized
Reloading assemblies for play mode.
Reloading assemblies after forced synchronous recompile.
Begin MonoManager ReloadAssembly
Native extension for OSXStandalone target not found
ScheduleIndexationOnStartup MainProcess:True IndexOnStartup:True
[MODES] ModeService[none].Initialize
[MODES] ModeService[none].LoadModes
Mono: successfully reloaded assembly
- Finished resetting the current domain, in  0.668 seconds
Domain Reload Profiling: 946ms
	BeginReloadAssembly (190ms)
		DisableScriptedObjects (35ms)
		CreateAndSetChildDomain (77ms)
	RebuildCommonClasses (6ms)
	RebuildNativeTypeToScriptingClass (12ms)
	initialDomainReloadingComplete (17ms)
	LoadAllAssembliesAndSetupDomain (53ms)
		LoadAssemblies (35ms)
		AnalyzeDomain (5ms)
			TypeCache.Refresh (4ms)
	FinalizeReload (669ms)
		SetupLoadedEditorAssemblies (0ms)
			BeforeProcessingInitializeOnLoad (49ms)
			ProcessInitializeOnLoadAttributes (55ms)
			ProcessInitializeOnLoadMethodAttributes (56ms)
		AwakeInstancesAfterBackupRestoration (278ms)

Asset Pipeline Refresh (id=22e66d647f5ed439e932c4a40c886fae): Total: 1.008 seconds - Initiated by StopAssetImportingV2(ForceSynchronousImport | ForceDomainReload)
	(Values over 0.05ms)
	Summary:
		Imports: total=0 (actual=0, local cache=0, cache server=0)
		Asset DB Process Time: managed=0 ms, native=698 ms
		Asset DB Callback time: managed=21 ms, native=2 ms
		Scripting: domain reloads=1, domain reload time=284 ms, compile time=1 ms, other=0 ms
		Project Asset Count: scripts=113, non-scripts=81
		Asset File Changes: new=0, changed=0, moved=0, deleted=0
		Scan Filter Count: 0
	InvokePackagesCallback: 0.658ms
	ApplyChangesToAssetFolders: 0.114ms
	Collect global state as custom dependencies: 0.224ms
	ProcessAssetsWithTransientArtifactChanges: 1.335ms
	CategorizeAssets: 0.774ms
	CompileScripts: 1.105ms
	ImportOutOfDateAssets: 670.382ms (669.164ms without children)
		UnloadImportedAssets: 0.720ms
		ImportSchedulerStart: 0.470ms
	PostProcessAllAssets: 21.909ms
		PostProcessCallbackCreateDeferredMaterials 0.076ms
		MonoPostProcessAllAssets: 21.168ms
			WindowAssetPostprocessingWatcher.OnPostprocessAllAssets 4.834ms
			BuilderAssetPostprocessor.OnPostprocessAllAssets 4.585ms
			AssetPostprocessor.OnPostprocessAllAssets 2.437ms
			AssetChangedListener.OnPostprocessAllAssets 1.056ms
			RetainedModeAssetPostprocessor.OnPostprocessAllAssets 0.697ms
			SyncVS.PostprocessSyncProject 0.559ms
			SpeedTree9Postprocessor.OnPostprocessAllAssets 0.441ms
			TextAssetPostProcessor.OnPostprocessAllAssets 0.377ms
			ArtifactBrowserPostProcessor.OnPostprocessAllAssets 0.306ms
			AudioMixerPostprocessor.OnPostprocessAllAssets 0.174ms
			ReferencedClipsPostProcessor.OnPostprocessAllAssets 0.165ms
			EditModeScopePostprocessor.OnPostprocessAllAssets 0.154ms
			StyleCatalogPostProcessor.OnPostprocessAllAssets 0.117ms
			AssetEvents.OnPostprocessAllAssets 0.113ms
			AssetDatabaseCallbacks.OnPostprocessAllAssets 0.090ms
			ScenarioDriftAssetsTracker.OnPostprocessAllAssets 0.077ms
			SpeedTreePostProcessor.OnPostprocessAllAssets 0.077ms
			TerrainToolbarOverlayPostProcessor.OnPostprocessAllAssets 0.076ms
			ConfigAssetsTracker.OnPostprocessAllAssets 0.072ms
	PostAssetChangesProfiler: 1.191ms
	UnloadStreamsBegin: 1.648ms
	GenerateScriptTypeHashes: 0.065ms
	GenerateScriptTypeSerializationHashes: 0.157ms
	Untracked: 306.742ms

Loaded scene 'Temp/__Backupscenes/0.backup'
	Deserialize:            0.319 ms
	Integration:            20.450 ms
	Integration of assets:  0.001 ms
	Thread Wait Time:       0.005 ms
	Total Operation Time:   20.775 ms
[Licensing::Client] Successfully resolved entitlement details
Thread 0x2b3e9f000 may have been prematurely finalized
Unloading 1 Unused Serialized files (Serialized files now loaded: 0)
Loaded scene 'Temp/__Backupscenes/0.backup'
	Deserialize:            0.305 ms
	Integration:            7.478 ms
	Integration of assets:  0.001 ms
	Thread Wait Time:       0.006 ms
	Total Operation Time:   7.789 ms
Unloading 98 unused Assets / (16.7 MB). Loaded Objects now: 1853.
Memory consumption went from 483.8 MB to 467.1 MB.
Total: 13.763875 ms (FindLiveObjects: 0.064875 ms CreateObjectMapping: 0.008500 ms MarkObjects: 10.170709 ms  DeleteObjects: 3.519417 ms)

TrimDiskCacheJob: Current cache size 5mb
Asset Pipeline Refresh (id=4292c66f971344d4fb26ecd23b64a391): Total: 0.025 seconds - Initiated by RefreshV2(AllowForceSynchronousImport)
Asset Pipeline Refresh (id=f09e0e267a15a47f98935ddd6a73ed9b): Total: 0.007 seconds - Initiated by RefreshV2(AllowForceSynchronousImport)
Asset Pipeline Refresh (id=017f0a56097b14cd78c0972fc967e459): Total: 0.026 seconds - Initiated by RefreshV2(AllowForceSynchronousImport)
2026-09-16 15:53:28.109 Unity[29650:1457199] CAMetalLayer ignoring invalid setDrawableSize width=0.000000 height=0.000000
2026-09-16 15:53:28.109 Unity[29650:1457199] CAMetalLayer ignoring invalid setDrawableSize width=0.000000 height=0.000000
2026-09-16 15:53:28.785 Unity[29650:1457199] CAMetalLayer ignoring invalid setDrawableSize width=0.000000 height=0.000000
2026-09-16 15:53:28.785 Unity[29650:1457199] CAMetalLayer ignoring invalid setDrawableSize width=0.000000 height=0.000000
2026-09-16 15:53:28.785 Unity[29650:1457199] CAMetalLayer ignoring invalid setDrawableSize width=0.000000 height=0.000000
2026-09-16 15:53:28.790 Unity[29650:1457199] CAMetalLayer ignoring invalid setDrawableSize width=0.000000 height=0.000000
2026-09-16 15:53:28.790 Unity[29650:1457199] CAMetalLayer ignoring invalid setDrawableSize width=0.000000 height=0.000000
2026-09-16 15:53:28.790 Unity[29650:1457199] CAMetalLayer ignoring invalid setDrawableSize width=0.000000 height=0.000000
2026-09-16 15:53:28.790 Unity[29650:1457199] CAMetalLayer ignoring invalid setDrawableSize width=0.000000 height=0.000000
2026-09-16 15:53:28.790 Unity[29650:1457199] CAMetalLayer ignoring invalid setDrawableSize width=0.000000 height=0.000000
MonoPathRemapper: Attempts to remap: 5605; Successful remaps: 584
Thread 0x2bce8f000 may have been prematurely finalized
Serialized file version minimum: 23, current 23
[LAYOUT] About to save layout /Users/elijahsaloma/Desktop/CC_CANOE_PROJECT/UserSettings/Layouts/default-6000.dwlt
[LAYOUT] About to save layout /Users/elijahsaloma/Library/Preferences/Unity/Editor-5.x/Layouts/current/default-6000.dwlt
Thread 0x2bc753000 may have been prematurely finalized
Input System module state changed to: ShutdownInProgress.
Input Polling Thread exited.
Input System module state changed to: Shutdown.
Shutting down MSBuild server...
Shutting down VB/C# compiler server...
[Physics::Module] Cleanup current backend.
[Physics::Module] Id: 0xf2b8ea05
[Licensing::IpcConnector] LicenseClient-elijahsaloma-notifications channel disconnected successfully.
[Licensing::IpcConnector] LicenseClient-elijahsaloma channel disconnected successfully.
Thread 0x17c9c7000 may have been prematurely finalized
Thread 0x17ca53000 may have been prematurely finalized
Thread 0x17cadf000 may have been prematurely finalized
Thread 0x17cb6b000 may have been prematurely finalized
Thread 0x17cbf7000 may have been prematurely finalized
Thread 0x17cd0f000 may have been prematurely finalized
Thread 0x17cc83000 may have been prematurely finalized
VB/C# compiler server shut down successfully.
MSBuild server shut down successfully.
Lingering sessions upon destruction of worker manager
AcceleratorClientConnectionCallback - disconnected - :0
Thread 0x17e077000 may have been prematurely finalized
Cleanup mono
CodeReloadManager destroyed
info: Microsoft.Hosting.Lifetime[0]
      Application is shutting down...
debugger-agent: Unable to listen on 79
Checking for leaked weakptr:
  Found no leaked weakptrs.
[Package Manager] Server process was shutdown
##utp:{"type":"MemoryLeaks","version":2,"phase":"Immediate","time":1789610015828,"processId":29650,"allocatedMemory":42628439,"memoryLabels":[{"Default":176008},{"Permanent":15672},{"Thread":1055928},{"Manager":29982},{"VertexData":8},{"Geometry":408},{"Texture":24},{"Shader":846709},{"Material":24},{"GfxDevice":46616},{"GfxThread":4160},{"Animation":968},{"Audio":960},{"FreeType":8},{"FontEngine":736},{"Physics":2178},{"Physics2D":16},{"Serialization":1296},{"Input":43216},{"JobScheduler":448},{"TextLib":14763},{"Mono":56},{"ScriptingNativeRuntime":155024},{"BaseObject":1622704},{"Resource":984},{"Renderer":3600},{"Transform":4693},{"File":824},{"WebCam":32},{"Culling":32},{"Terrain":11346},{"Wind":24},{"String":12878},{"StaticString":4140},{"Utility":2689152},{"PoolAlloc":1960},{"AI":80},{"TypeTree":14997},{"CodeReload":448},{"RuntimeInitializeOnLoadManager":64},{"Sprites":102},{"SpriteAtlas":120},{"GI":7240},{"Director":8288},{"CloudService":7416},{"WebRequest":10428},{"VR":46890},{"SceneManager":616},{"Video":2112},{"LazyScriptCache":32},{"NativeArray":33076304},{"Camera":18377},{"Secure":11225},{"Image":65536},{"SerializationCache":1576},{"APIUpdating":10320},{"Subsystems":336},{"VirtualTexturing":57504},{"StaticSafetyDebugInfo":278528},{"Baselib":16},{"Analytics":528},{"Hierarchy":1608},{"UIElements":1182232},{"CoreStats":13768},{"Identifiers":6768},{"Gui":280163},{"EditorUtility":209055},{"VersionControl":8},{"Undo":939},{"AssetDatabase":495414},{"AssetImporter":40},{"EditorGi":328},{"UnityConnect":35433},{"Upm":1788},{"UpmDiagnostics":8},{"AssetCompliance":64},{"DrivenProperties":72},{"HubClient":848},{"LocalIPC":268},{"ProfilerEditor":9738},{"CoreBusinessMetrics":3086},{"Windowing":416},{"Licensing":12996},{"AssetReference":32},{"IPCStream":6811}]}
